Index,Raw_Value,Balanced_Value,Hex
0,32,32,0x20
1,64,64,0x40
2,96,96,0x60
3,115792089237316195423570985008687907852837564279074904382605163141518161494241,-96,0xfffffffffffffffffffffffffffffffebaaedce6af48a03bbfd25e8cd03640e1
4,128,128,0x80
5,115792089237316195423570985008687907852837564279074904382605163141518161494209,-128,0xfffffffffffffffffffffffffffffffebaaedce6af48a03bbfd25e8cd03640c1
6,192,192,0xc0
7,224,224,0xe0
8,256,256,0x100
9,115792089237316195423570985008687907852837564279074904382605163141518161494081,-256,0xfffffffffffffffffffffffffffffffebaaedce6af48a03bbfd25e8cd0364041
10,288,288,0x120
11,115792089237316195423570985008687907852837564279074904382605163141518161494049,-288,0xfffffffffffffffffffffffffffffffebaaedce6af48a03bbfd25e8cd0364021
12,352,352,0x160
13,384,384,0x180
14,115792089237316195423570985008687907852837564279074904382605163141518161493921,-416,0xfffffffffffffffffffffffffffffffebaaedce6af48a03bbfd25e8cd0363fa1
15,416,416,0x1a0
16,115792089237316195423570985008687907852837564279074904382605163141518161493889,-448,0xfffffffffffffffffffffffffffffffebaaedce6af48a03bbfd25e8cd0363f81
17,448,448,0x1c0
18,512,512,0x200
19,544,544,0x220
20,115792089237316195423570985008687907852837564279074904382605163141518161493761,-576,0xfffffffffffffffffffffffffffffffebaaedce6af48a03bbfd25e8cd0363f01
21,576,576,0x240
22,115792089237316195423570985008687907852837564279074904382605163141518161493729,-608,0xfffffffffffffffffffffffffffffffebaaedce6af48a03bbfd25e8cd0363ee1
23,608,608,0x260
24,672,672,0x2a0
25,704,704,0x2c0
26,736,736,0x2e0
27,115792089237316195423570985008687907852837564279074904382605163141518161493601,-736,0xfffffffffffffffffffffffffffffffebaaedce6af48a03bbfd25e8cd0363e61
28,768,768,0x300
29,115792089237316195423570985008687907852837564279074904382605163141518161493569,-768,0xfffffffffffffffffffffffffffffffebaaedce6af48a03bbfd25e8cd0363e41
30,832,832,0x340
31,864,864,0x360
32,896,896,0x380
33,115792089237316195423570985008687907852837564279074904382605163141518161493441,-896,0xfffffffffffffffffffffffffffffffebaaedce6af48a03bbfd25e8cd0363dc1
34,928,928,0x3a0
35,115792089237316195423570985008687907852837564279074904382605163141518161493409,-928,0xfffffffffffffffffffffffffffffffebaaedce6af48a03bbfd25e8cd0363da1
36,992,992,0x3e0
37,1024,1024,0x400
38,1056,1056,0x420
39,115792089237316195423570985008687907852837564279074904382605163141518161493281,-1056,0xfffffffffffffffffffffffffffffffebaaedce6af48a03bbfd25e8cd0363d21
40,1088,1088,0x440
41,115792089237316195423570985008687907852837564279074904382605163141518161493249,-1088,0xfffffffffffffffffffffffffffffffebaaedce6af48a03bbfd25e8cd0363d01
42,1152,1152,0x480
43,1184,1184,0x4a0
44,1216,1216,0x4c0
45,115792089237316195423570985008687907852837564279074904382605163141518161493121,-1216,0xfffffffffffffffffffffffffffffffebaaedce6af48a03bbfd25e8cd0363c81
46,1312,1312,0x520
47,1344,1344,0x540
48,1376,1376,0x560
49,115792089237316195423570985008687907852837564279074904382605163141518161492961,-1376,0xfffffffffffffffffffffffffffffffebaaedce6af48a03bbfd25e8cd0363be1
50,115792089237316195423570985008687907852837564279074904382605163141518161492929,-1408,0xfffffffffffffffffffffffffffffffebaaedce6af48a03bbfd25e8cd0363bc1
51,1408,1408,0x580
52,1472,1472,0x5c0
53,1504,1504,0x5e0
54,115792089237316195423570985008687907852837564279074904382605163141518161492801,-1536,0xfffffffffffffffffffffffffffffffebaaedce6af48a03bbfd25e8cd0363b41
55,1536,1536,0x600
56,115792089237316195423570985008687907852837564279074904382605163141518161492769,-1568,0xfffffffffffffffffffffffffffffffebaaedce6af48a03bbfd25e8cd0363b21
57,1568,1568,0x620
58,1632,1632,0x660
59,1664,1664,0x680
60,115792089237316195423570985008687907852837564279074904382605163141518161492641,-1696,0xfffffffffffffffffffffffffffffffebaaedce6af48a03bbfd25e8cd0363aa1
61,1696,1696,0x6a0
62,1792,1792,0x700
63,115792089237316195423570985008687907852837564279074904382605163141518161492481,-1856,0xfffffffffffffffffffffffffffffffebaaedce6af48a03bbfd25e8cd0363a01
64,1856,1856,0x740
65,115792089237316195423570985008687907852837564279074904382605163141518161492449,-1888,0xfffffffffffffffffffffffffffffffebaaedce6af48a03bbfd25e8cd03639e1
66,1888,1888,0x760
67,1952,1952,0x7a0
68,2048,2048,0x800
69,115792089237316195423570985008687907852837564279074904382605163141518161492289,-2048,0xfffffffffffffffffffffffffffffffebaaedce6af48a03bbfd25e8cd0363941
70,2112,2112,0x840
71,2144,2144,0x860
72,2272,2272,0x8e0
73,2336,2336,0x920
74,115792089237316195423570985008687907852837564279074904382605163141518161492001,-2336,0xfffffffffffffffffffffffffffffffebaaedce6af48a03bbfd25e8cd0363821
75,2432,2432,0x980
76,115792089237316195423570985008687907852837564279074904382605163141518161491841,-2496,0xfffffffffffffffffffffffffffffffebaaedce6af48a03bbfd25e8cd0363781
77,2496,2496,0x9c0
78,115792089237316195423570985008687907852837564279074904382605163141518161491809,-2528,0xfffffffffffffffffffffffffffffffebaaedce6af48a03bbfd25e8cd0363761
79,2528,2528,0x9e0
80,2592,2592,0xa20
81,2624,2624,0xa40
82,115792089237316195423570985008687907852837564279074904382605163141518161491681,-2656,0xfffffffffffffffffffffffffffffffebaaedce6af48a03bbfd25e8cd03636e1
83,2656,2656,0xa60
84,115792089237316195423570985008687907852837564279074904382605163141518161491649,-2688,0xfffffffffffffffffffffffffffffffebaaedce6af48a03bbfd25e8cd03636c1
85,2688,2688,0xa80
86,2816,2816,0xb00
87,115792089237316195423570985008687907852837564279074904382605163141518161491521,-2816,0xfffffffffffffffffffffffffffffffebaaedce6af48a03bbfd25e8cd0363641
88,2848,2848,0xb20
89,115792089237316195423570985008687907852837564279074904382605163141518161491489,-2848,0xfffffffffffffffffffffffffffffffebaaedce6af48a03bbfd25e8cd0363621
90,2912,2912,0xb60
91,2944,2944,0xb80
92,3072,3072,0xc00
93,3104,3104,0xc20
94,3136,3136,0xc40
95,115792089237316195423570985008687907852837564279074904382605163141518161491201,-3136,0xfffffffffffffffffffffffffffffffebaaedce6af48a03bbfd25e8cd0363501
96,3232,3232,0xca0
97,3264,3264,0xcc0
98,3392,3392,0xd40
99,115792089237316195423570985008687907852837564279074904382605163141518161490849,-3488,0xfffffffffffffffffffffffffffffffebaaedce6af48a03bbfd25e8cd03633a1
100,3488,3488,0xda0
101,3552,3552,0xde0
102,3584,3584,0xe00
103,115792089237316195423570985008687907852837564279074904382605163141518161490721,-3616,0xfffffffffffffffffffffffffffffffebaaedce6af48a03bbfd25e8cd0363321
104,3616,3616,0xe20
105,3744,3744,0xea0
106,3872,3872,0xf20
107,115792089237316195423570985008687907852837564279074904382605163141518161490369,-3968,0xfffffffffffffffffffffffffffffffebaaedce6af48a03bbfd25e8cd03631c1
108,3968,3968,0xf80
109,4032,4032,0xfc0
110,4064,4064,0xfe0
111,4096,4096,0x1000
112,115792089237316195423570985008687907852837564279074904382605163141518161490241,-4096,0xfffffffffffffffffffffffffffffffebaaedce6af48a03bbfd25e8cd0363141
113,4224,4224,0x1080
114,4256,4256,0x10a0
115,115792089237316195423570985008687907852837564279074904382605163141518161490081,-4256,0xfffffffffffffffffffffffffffffffebaaedce6af48a03bbfd25e8cd03630a1
116,4288,4288,0x10c0
117,115792089237316195423570985008687907852837564279074904382605163141518161490049,-4288,0xfffffffffffffffffffffffffffffffebaaedce6af48a03bbfd25e8cd0363081
118,4352,4352,0x1100
119,4512,4512,0x11a0
120,115792089237316195423570985008687907852837564279074904382605163141518161489729,-4608,0xfffffffffffffffffffffffffffffffebaaedce6af48a03bbfd25e8cd0362f41
121,4608,4608,0x1200
122,4672,4672,0x1240
123,4704,4704,0x1260
124,115792089237316195423570985008687907852837564279074904382605163141518161489601,-4736,0xfffffffffffffffffffffffffffffffebaaedce6af48a03bbfd25e8cd0362ec1
125,4736,4736,0x1280
126,4832,4832,0x12e0
127,4864,4864,0x1300
128,4896,4896,0x1320
129,115792089237316195423570985008687907852837564279074904382605163141518161489441,-4896,0xfffffffffffffffffffffffffffffffebaaedce6af48a03bbfd25e8cd0362e21
130,4928,4928,0x1340
131,115792089237316195423570985008687907852837564279074904382605163141518161489409,-4928,0xfffffffffffffffffffffffffffffffebaaedce6af48a03bbfd25e8cd0362e01
132,4992,4992,0x1380
133,5184,5184,0x1440
134,5312,5312,0x14c0
135,5408,5408,0x1520
136,115792089237316195423570985008687907852837564279074904382605163141518161488929,-5408,0xfffffffffffffffffffffffffffffffebaaedce6af48a03bbfd25e8cd0362c21
137,5472,5472,0x1560
138,5632,5632,0x1600
139,5792,5792,0x16a0
140,5824,5824,0x16c0
141,115792089237316195423570985008687907852837564279074904382605163141518161488289,-6048,0xfffffffffffffffffffffffffffffffebaaedce6af48a03bbfd25e8cd03629a1
142,6048,6048,0x17a0
143,6208,6208,0x1840
144,115792089237316195423570985008687907852837564279074904382605163141518161488129,-6208,0xfffffffffffffffffffffffffffffffebaaedce6af48a03bbfd25e8cd0362901
145,6272,6272,0x1880
146,6304,6304,0x18a0
147,6336,6336,0x18c0
148,115792089237316195423570985008687907852837564279074904382605163141518161488001,-6336,0xfffffffffffffffffffffffffffffffebaaedce6af48a03bbfd25e8cd0362881
149,6368,6368,0x18e0
150,115792089237316195423570985008687907852837564279074904382605163141518161487969,-6368,0xfffffffffffffffffffffffffffffffebaaedce6af48a03bbfd25e8cd0362861
151,6496,6496,0x1960
152,115792089237316195423570985008687907852837564279074904382605163141518161487809,-6528,0xfffffffffffffffffffffffffffffffebaaedce6af48a03bbfd25e8cd03627c1
153,6528,6528,0x1980
154,6592,6592,0x19c0
155,6752,6752,0x1a60
156,6912,6912,0x1b00
157,6944,6944,0x1b20
158,6976,6976,0x1b40
159,115792089237316195423570985008687907852837564279074904382605163141518161487361,-6976,0xfffffffffffffffffffffffffffffffebaaedce6af48a03bbfd25e8cd0362601
160,7072,7072,0x1ba0
161,7232,7232,0x1c40
162,7392,7392,0x1ce0
163,7424,7424,0x1d00
164,7456,7456,0x1d20
165,115792089237316195423570985008687907852837564279074904382605163141518161486881,-7456,0xfffffffffffffffffffffffffffffffebaaedce6af48a03bbfd25e8cd0362421
166,7904,7904,0x1ee0
167,8064,8064,0x1f80
168,115792089237316195423570985008687907852837564279074904382605163141518161486241,-8096,0xfffffffffffffffffffffffffffffffebaaedce6af48a03bbfd25e8cd03621a1
169,8096,8096,0x1fa0
170,8192,8192,0x2000
171,8256,8256,0x2040
172,115792089237316195423570985008687907852837564279074904382605163141518161486081,-8256,0xfffffffffffffffffffffffffffffffebaaedce6af48a03bbfd25e8cd0362101
173,8352,8352,0x20a0
174,8672,8672,0x21e0
175,115792089237316195423570985008687907852837564279074904382605163141518161485569,-8768,0xfffffffffffffffffffffffffffffffebaaedce6af48a03bbfd25e8cd0361f01
176,8768,8768,0x2240
177,8832,8832,0x2280
178,8992,8992,0x2320
179,9152,9152,0x23c0
180,9184,9184,0x23e0
181,9216,9216,0x2400
182,115792089237316195423570985008687907852837564279074904382605163141518161485121,-9216,0xfffffffffffffffffffffffffffffffebaaedce6af48a03bbfd25e8cd0361d41
183,9248,9248,0x2420
184,115792089237316195423570985008687907852837564279074904382605163141518161485089,-9248,0xfffffffffffffffffffffffffffffffebaaedce6af48a03bbfd25e8cd0361d21
185,9408,9408,0x24c0
186,115792089237316195423570985008687907852837564279074904382605163141518161484929,-9408,0xfffffffffffffffffffffffffffffffebaaedce6af48a03bbfd25e8cd0361c81
187,9472,9472,0x2500
188,9504,9504,0x2520
189,9664,9664,0x25c0
190,115792089237316195423570985008687907852837564279074904382605163141518161484449,-9888,0xfffffffffffffffffffffffffffffffebaaedce6af48a03bbfd25e8cd0361aa1
191,9888,9888,0x26a0
192,115792089237316195423570985008687907852837564279074904382605163141518161484321,-10016,0xfffffffffffffffffffffffffffffffebaaedce6af48a03bbfd25e8cd0361a21
193,10016,10016,0x2720
194,10112,10112,0x2780
195,10304,10304,0x2840
196,10368,10368,0x2880
197,115792089237316195423570985008687907852837564279074904382605163141518161483969,-10368,0xfffffffffffffffffffffffffffffffebaaedce6af48a03bbfd25e8cd03618c1
198,10432,10432,0x28c0
199,10592,10592,0x2960
200,115792089237316195423570985008687907852837564279074904382605163141518161483681,-10656,0xfffffffffffffffffffffffffffffffebaaedce6af48a03bbfd25e8cd03617a1
201,10656,10656,0x29a0
202,10784,10784,0x2a20
203,10912,10912,0x2aa0
204,10944,10944,0x2ac0
205,10976,10976,0x2ae0
206,115792089237316195423570985008687907852837564279074904382605163141518161483361,-10976,0xfffffffffffffffffffffffffffffffebaaedce6af48a03bbfd25e8cd0361661
207,11008,11008,0x2b00
208,115792089237316195423570985008687907852837564279074904382605163141518161483329,-11008,0xfffffffffffffffffffffffffffffffebaaedce6af48a03bbfd25e8cd0361641
209,11168,11168,0x2ba0
210,115792089237316195423570985008687907852837564279074904382605163141518161483169,-11168,0xfffffffffffffffffffffffffffffffebaaedce6af48a03bbfd25e8cd03615a1
211,11232,11232,0x2be0
212,11552,11552,0x2d20
213,11584,11584,0x2d40
214,115792089237316195423570985008687907852837564279074904382605163141518161482689,-11648,0xfffffffffffffffffffffffffffffffebaaedce6af48a03bbfd25e8cd03613c1
215,11648,11648,0x2d80
216,115792089237316195423570985008687907852837564279074904382605163141518161482529,-11808,0xfffffffffffffffffffffffffffffffebaaedce6af48a03bbfd25e8cd0361321
217,11808,11808,0x2e20
218,12032,12032,0x2f00
219,12064,12064,0x2f20
220,115792089237316195423570985008687907852837564279074904382605163141518161482241,-12096,0xfffffffffffffffffffffffffffffffebaaedce6af48a03bbfd25e8cd0361201
221,12096,12096,0x2f40
222,12352,12352,0x3040
223,12512,12512,0x30e0
224,12672,12672,0x3180
225,12704,12704,0x31a0
226,115792089237316195423570985008687907852837564279074904382605163141518161481601,-12736,0xfffffffffffffffffffffffffffffffebaaedce6af48a03bbfd25e8cd0360f81
227,12736,12736,0x31c0
228,12864,12864,0x3240
229,115792089237316195423570985008687907852837564279074904382605163141518161481441,-12896,0xfffffffffffffffffffffffffffffffebaaedce6af48a03bbfd25e8cd0360ee1
230,12896,12896,0x3260
231,12992,12992,0x32c0
232,13056,13056,0x3300
233,115792089237316195423570985008687907852837564279074904382605163141518161481281,-13056,0xfffffffffffffffffffffffffffffffebaaedce6af48a03bbfd25e8cd0360e41
234,13088,13088,0x3320
235,115792089237316195423570985008687907852837564279074904382605163141518161481249,-13088,0xfffffffffffffffffffffffffffffffebaaedce6af48a03bbfd25e8cd0360e21
236,13472,13472,0x34a0
237,115792089237316195423570985008687907852837564279074904382605163141518161480609,-13728,0xfffffffffffffffffffffffffffffffebaaedce6af48a03bbfd25e8cd0360ba1
238,13728,13728,0x35a0
239,115792089237316195423570985008687907852837564279074904382605163141518161480481,-13856,0xfffffffffffffffffffffffffffffffebaaedce6af48a03bbfd25e8cd0360b21
240,13856,13856,0x3620
241,115792089237316195423570985008687907852837564279074904382605163141518161480449,-13888,0xfffffffffffffffffffffffffffffffebaaedce6af48a03bbfd25e8cd0360b01
242,13888,13888,0x3640
243,14112,14112,0x3720
244,14432,14432,0x3860
245,14592,14592,0x3900
246,115792089237316195423570985008687907852837564279074904382605163141518161479521,-14816,0xfffffffffffffffffffffffffffffffebaaedce6af48a03bbfd25e8cd0360761
247,14816,14816,0x39e0
248,115792089237316195423570985008687907852837564279074904382605163141518161479329,-15008,0xfffffffffffffffffffffffffffffffebaaedce6af48a03bbfd25e8cd03606a1
249,15008,15008,0x3aa0
250,15168,15168,0x3b40
251,115792089237316195423570985008687907852837564279074904382605163141518161479169,-15168,0xfffffffffffffffffffffffffffffffebaaedce6af48a03bbfd25e8cd0360601
252,15264,15264,0x3ba0
253,15392,15392,0x3c20
254,15488,15488,0x3c80
255,115792089237316195423570985008687907852837564279074904382605163141518161478849,-15488,0xfffffffffffffffffffffffffffffffebaaedce6af48a03bbfd25e8cd03604c1
256,15552,15552,0x3cc0
257,15616,15616,0x3d00
258,115792089237316195423570985008687907852837564279074904382605163141518161478721,-15616,0xfffffffffffffffffffffffffffffffebaaedce6af48a03bbfd25e8cd0360441
259,15648,15648,0x3d20
260,115792089237316195423570985008687907852837564279074904382605163141518161478689,-15648,0xfffffffffffffffffffffffffffffffebaaedce6af48a03bbfd25e8cd0360421
261,15744,15744,0x3d80
262,15872,15872,0x3e00
263,16064,16064,0x3ec0
264,16192,16192,0x3f40
265,16224,16224,0x3f60
266,16384,16384,0x4000
267,16448,16448,0x4040
268,115792089237316195423570985008687907852837564279074904382605163141518161477889,-16448,0xfffffffffffffffffffffffffffffffebaaedce6af48a03bbfd25e8cd0360101
269,16576,16576,0x40c0
270,115792089237316195423570985008687907852837564279074904382605163141518161477761,-16576,0xfffffffffffffffffffffffffffffffebaaedce6af48a03bbfd25e8cd0360081
271,16832,16832,0x41c0
272,115792089237316195423570985008687907852837564279074904382605163141518161477441,-16896,0xfffffffffffffffffffffffffffffffebaaedce6af48a03bbfd25e8cd035ff41
273,16896,16896,0x4200
274,115792089237316195423570985008687907852837564279074904382605163141518161477409,-16928,0xfffffffffffffffffffffffffffffffebaaedce6af48a03bbfd25e8cd035ff21
275,16928,16928,0x4220
276,17024,17024,0x4280
277,17312,17312,0x43a0
278,17504,17504,0x4460
279,17632,17632,0x44e0
280,115792089237316195423570985008687907852837564279074904382605163141518161476449,-17888,0xfffffffffffffffffffffffffffffffebaaedce6af48a03bbfd25e8cd035fb61
281,17888,17888,0x45e0
282,17952,17952,0x4620
283,18272,18272,0x4760
284,18432,18432,0x4800
285,18496,18496,0x4840
286,115792089237316195423570985008687907852837564279074904382605163141518161475841,-18496,0xfffffffffffffffffffffffffffffffebaaedce6af48a03bbfd25e8cd035f901
287,19232,19232,0x4b20
288,19264,19264,0x4b40
289,19392,19392,0x4bc0
290,19616,19616,0x4ca0
291,115792089237316195423570985008687907852837564279074904382605163141518161474721,-19616,0xfffffffffffffffffffffffffffffffebaaedce6af48a03bbfd25e8cd035f4a1
292,19712,19712,0x4d00
293,20192,20192,0x4ee0
294,20384,20384,0x4fa0
295,115792089237316195423570985008687907852837564279074904382605163141518161473921,-20416,0xfffffffffffffffffffffffffffffffebaaedce6af48a03bbfd25e8cd035f181
296,20416,20416,0x4fc0
297,20544,20544,0x5040
298,20832,20832,0x5160
299,115792089237316195423570985008687907852837564279074904382605163141518161473409,-20928,0xfffffffffffffffffffffffffffffffebaaedce6af48a03bbfd25e8cd035ef81
300,20928,20928,0x51c0
301,21152,21152,0x52a0
302,21312,21312,0x5340
303,21504,21504,0x5400
304,21632,21632,0x5480
305,21696,21696,0x54c0
306,115792089237316195423570985008687907852837564279074904382605163141518161472641,-21696,0xfffffffffffffffffffffffffffffffebaaedce6af48a03bbfd25e8cd035ec81
307,21792,21792,0x5520
308,115792089237316195423570985008687907852837564279074904382605163141518161472129,-22208,0xfffffffffffffffffffffffffffffffebaaedce6af48a03bbfd25e8cd035ea81
309,22208,22208,0x56c0
310,22304,22304,0x5720
311,115792089237316195423570985008687907852837564279074904382605163141518161471841,-22496,0xfffffffffffffffffffffffffffffffebaaedce6af48a03bbfd25e8cd035e961
312,22496,22496,0x57e0
313,23072,23072,0x5a20
314,23104,23104,0x5a40
315,23264,23264,0x5ae0
316,23296,23296,0x5b00
317,115792089237316195423570985008687907852837564279074904382605163141518161471041,-23296,0xfffffffffffffffffffffffffffffffebaaedce6af48a03bbfd25e8cd035e641
318,23328,23328,0x5b20
319,115792089237316195423570985008687907852837564279074904382605163141518161471009,-23328,0xfffffffffffffffffffffffffffffffebaaedce6af48a03bbfd25e8cd035e621
320,23552,23552,0x5c00
321,23712,23712,0x5ca0
322,23744,23744,0x5cc0
323,24352,24352,0x5f20
324,24512,24512,0x5fc0
325,24992,24992,0x61a0
326,25024,25024,0x61c0
327,115792089237316195423570985008687907852837564279074904382605163141518161469281,-25056,0xfffffffffffffffffffffffffffffffebaaedce6af48a03bbfd25e8cd035df61
328,25056,25056,0x61e0
329,115792089237316195423570985008687907852837564279074904382605163141518161469249,-25088,0xfffffffffffffffffffffffffffffffebaaedce6af48a03bbfd25e8cd035df41
330,25088,25088,0x6200
331,25152,25152,0x6240
332,25376,25376,0x6320
333,115792089237316195423570985008687907852837564279074904382605163141518161468961,-25376,0xfffffffffffffffffffffffffffffffebaaedce6af48a03bbfd25e8cd035de21
334,25792,25792,0x64c0
335,25984,25984,0x6580
336,26112,26112,0x6600
337,26144,26144,0x6620
338,115792089237316195423570985008687907852837564279074904382605163141518161467809,-26528,0xfffffffffffffffffffffffffffffffebaaedce6af48a03bbfd25e8cd035d9a1
339,26528,26528,0x67a0
340,26656,26656,0x6820
341,115792089237316195423570985008687907852837564279074904382605163141518161467681,-26656,0xfffffffffffffffffffffffffffffffebaaedce6af48a03bbfd25e8cd035d921
342,26912,26912,0x6920
343,27264,27264,0x6a80
344,27392,27392,0x6b00
345,27488,27488,0x6b60
346,115792089237316195423570985008687907852837564279074904382605163141518161466849,-27488,0xfffffffffffffffffffffffffffffffebaaedce6af48a03bbfd25e8cd035d5e1
347,27552,27552,0x6ba0
348,27712,27712,0x6c40
349,27968,27968,0x6d40
350,115792089237316195423570985008687907852837564279074904382605163141518161466369,-27968,0xfffffffffffffffffffffffffffffffebaaedce6af48a03bbfd25e8cd035d401
351,28064,28064,0x6da0
352,28512,28512,0x6f60
353,115792089237316195423570985008687907852837564279074904382605163141518161465601,-28736,0xfffffffffffffffffffffffffffffffebaaedce6af48a03bbfd25e8cd035d101
354,28736,28736,0x7040
355,28832,28832,0x70a0
356,28864,28864,0x70c0
357,28896,28896,0x70e0
358,115792089237316195423570985008687907852837564279074904382605163141518161465441,-28896,0xfffffffffffffffffffffffffffffffebaaedce6af48a03bbfd25e8cd035d061
359,29152,29152,0x71e0
360,29408,29408,0x72e0
361,115792089237316195423570985008687907852837564279074904382605163141518161464929,-29408,0xfffffffffffffffffffffffffffffffebaaedce6af48a03bbfd25e8cd035ce61
362,29536,29536,0x7360
363,115792089237316195423570985008687907852837564279074904382605163141518161464801,-29536,0xfffffffffffffffffffffffffffffffebaaedce6af48a03bbfd25e8cd035cde1
364,29568,29568,0x7380
365,115792089237316195423570985008687907852837564279074904382605163141518161464769,-29568,0xfffffffffffffffffffffffffffffffebaaedce6af48a03bbfd25e8cd035cdc1
366,29952,29952,0x7500
367,29984,29984,0x7520
368,30272,30272,0x7640
369,30432,30432,0x76e0
370,115792089237316195423570985008687907852837564279074904382605163141518161463841,-30496,0xfffffffffffffffffffffffffffffffebaaedce6af48a03bbfd25e8cd035ca21
371,30496,30496,0x7720
372,30752,30752,0x7820
373,31008,31008,0x7920
374,115792089237316195423570985008687907852837564279074904382605163141518161463329,-31008,0xfffffffffffffffffffffffffffffffebaaedce6af48a03bbfd25e8cd035c821
375,115792089237316195423570985008687907852837564279074904382605163141518161463169,-31168,0xfffffffffffffffffffffffffffffffebaaedce6af48a03bbfd25e8cd035c781
376,31168,31168,0x79c0
377,31232,31232,0x7a00
378,31424,31424,0x7ac0
379,31584,31584,0x7b60
380,32032,32032,0x7d20
381,32064,32064,0x7d40
382,115792089237316195423570985008687907852837564279074904382605163141518161461921,-32416,0xfffffffffffffffffffffffffffffffebaaedce6af48a03bbfd25e8cd035c2a1
383,32416,32416,0x7ea0
384,32512,32512,0x7f00
385,32768,32768,0x8000
386,115792089237316195423570985008687907852837564279074904382605163141518161461569,-32768,0xfffffffffffffffffffffffffffffffebaaedce6af48a03bbfd25e8cd035c141
387,32832,32832,0x8040
388,32864,32864,0x8060
389,33632,33632,0x8360
390,33728,33728,0x83c0
391,115792089237316195423570985008687907852837564279074904382605163141518161460609,-33728,0xfffffffffffffffffffffffffffffffebaaedce6af48a03bbfd25e8cd035bd81
392,34272,34272,0x85e0
393,34304,34304,0x8600
394,34592,34592,0x8720
395,34848,34848,0x8820
396,115792089237316195423570985008687907852837564279074904382605163141518161459489,-34848,0xfffffffffffffffffffffffffffffffebaaedce6af48a03bbfd25e8cd035b921
397,34976,34976,0x88a0
398,115792089237316195423570985008687907852837564279074904382605163141518161459361,-34976,0xfffffffffffffffffffffffffffffffebaaedce6af48a03bbfd25e8cd035b8a1
399,35072,35072,0x8900
400,36096,36096,0x8d00
401,115792089237316195423570985008687907852837564279074904382605163141518161458241,-36096,0xfffffffffffffffffffffffffffffffebaaedce6af48a03bbfd25e8cd035b441
402,36512,36512,0x8ea0
403,36992,36992,0x9080
404,37056,37056,0x90c0
405,115792089237316195423570985008687907852837564279074904382605163141518161457281,-37056,0xfffffffffffffffffffffffffffffffebaaedce6af48a03bbfd25e8cd035b081
406,37184,37184,0x9140
407,115792089237316195423570985008687907852837564279074904382605163141518161457089,-37248,0xfffffffffffffffffffffffffffffffebaaedce6af48a03bbfd25e8cd035afc1
408,37248,37248,0x9180
409,37632,37632,0x9300
410,37664,37664,0x9320
411,37696,37696,0x9340
412,115792089237316195423570985008687907852837564279074904382605163141518161456641,-37696,0xfffffffffffffffffffffffffffffffebaaedce6af48a03bbfd25e8cd035ae01
413,115792089237316195423570985008687907852837564279074904382605163141518161456001,-38336,0xfffffffffffffffffffffffffffffffebaaedce6af48a03bbfd25e8cd035ab81
414,38336,38336,0x95c0
415,38432,38432,0x9620
416,38464,38464,0x9640
417,38784,38784,0x9780
418,38912,38912,0x9800
419,39008,39008,0x9860
420,115792089237316195423570985008687907852837564279074904382605163141518161455329,-39008,0xfffffffffffffffffffffffffffffffebaaedce6af48a03bbfd25e8cd035a8e1
421,39712,39712,0x9b20
422,39744,39744,0x9b40
423,39904,39904,0x9be0
424,40352,40352,0x9da0
425,40512,40512,0x9e40
426,40992,40992,0xa020
427,41024,41024,0xa040
428,41216,41216,0xa100
429,115792089237316195423570985008687907852837564279074904382605163141518161453121,-41216,0xfffffffffffffffffffffffffffffffebaaedce6af48a03bbfd25e8cd035a041
430,41472,41472,0xa200
431,115792089237316195423570985008687907852837564279074904382605163141518161452801,-41536,0xfffffffffffffffffffffffffffffffebaaedce6af48a03bbfd25e8cd0359f01
432,41536,41536,0xa240
433,41632,41632,0xa2a0
434,41792,41792,0xa340
435,42272,42272,0xa520
436,42432,42432,0xa5c0
437,42592,42592,0xa660
438,43264,43264,0xa900
439,115792089237316195423570985008687907852837564279074904382605163141518161450881,-43456,0xfffffffffffffffffffffffffffffffebaaedce6af48a03bbfd25e8cd0359781
440,43456,43456,0xa9c0
441,43552,43552,0xaa20
442,115792089237316195423570985008687907852837564279074904382605163141518161450529,-43808,0xfffffffffffffffffffffffffffffffebaaedce6af48a03bbfd25e8cd0359621
443,43808,43808,0xab20
444,44064,44064,0xac20
445,44096,44096,0xac40
446,115792089237316195423570985008687907852837564279074904382605163141518161450241,-44096,0xfffffffffffffffffffffffffffffffebaaedce6af48a03bbfd25e8cd0359501
447,44192,44192,0xaca0
448,44384,44384,0xad60
449,44672,44672,0xae80
450,115792089237316195423570985008687907852837564279074904382605163141518161449409,-44928,0xfffffffffffffffffffffffffffffffebaaedce6af48a03bbfd25e8cd03591c1
451,44928,44928,0xaf80
452,115792089237316195423570985008687907852837564279074904382605163141518161449281,-45056,0xfffffffffffffffffffffffffffffffebaaedce6af48a03bbfd25e8cd0359141
453,45056,45056,0xb000
454,45632,45632,0xb240
455,45792,45792,0xb2e0
456,46112,46112,0xb420
457,46144,46144,0xb440
458,46208,46208,0xb480
459,115792089237316195423570985008687907852837564279074904382605163141518161448129,-46208,0xfffffffffffffffffffffffffffffffebaaedce6af48a03bbfd25e8cd0358cc1
460,46272,46272,0xb4c0
461,115792089237316195423570985008687907852837564279074904382605163141518161447809,-46528,0xfffffffffffffffffffffffffffffffebaaedce6af48a03bbfd25e8cd0358b81
462,46528,46528,0xb5c0
463,115792089237316195423570985008687907852837564279074904382605163141518161447329,-47008,0xfffffffffffffffffffffffffffffffebaaedce6af48a03bbfd25e8cd03589a1
464,47008,47008,0xb7a0
465,47072,47072,0xb7e0
466,47264,47264,0xb8a0
467,115792089237316195423570985008687907852837564279074904382605163141518161446689,-47648,0xfffffffffffffffffffffffffffffffebaaedce6af48a03bbfd25e8cd0358721
468,47648,47648,0xba20
469,47712,47712,0xba60
470,47904,47904,0xbb20
471,48032,48032,0xbba0
472,115792089237316195423570985008687907852837564279074904382605163141518161445921,-48416,0xfffffffffffffffffffffffffffffffebaaedce6af48a03bbfd25e8cd0358421
473,48416,48416,0xbd20
474,115792089237316195423570985008687907852837564279074904382605163141518161445729,-48608,0xfffffffffffffffffffffffffffffffebaaedce6af48a03bbfd25e8cd0358361
475,48608,48608,0xbde0
476,48672,48672,0xbe20
477,48992,48992,0xbf60
478,115792089237316195423570985008687907852837564279074904382605163141518161445121,-49216,0xfffffffffffffffffffffffffffffffebaaedce6af48a03bbfd25e8cd0358101
479,49216,49216,0xc040
480,49312,49312,0xc0a0
481,115792089237316195423570985008687907852837564279074904382605163141518161444801,-49536,0xfffffffffffffffffffffffffffffffebaaedce6af48a03bbfd25e8cd0357fc1
482,49536,49536,0xc180
483,115792089237316195423570985008687907852837564279074904382605163141518161444481,-49856,0xfffffffffffffffffffffffffffffffebaaedce6af48a03bbfd25e8cd0357e81
484,49856,49856,0xc2c0
485,50368,50368,0xc4c0
486,115792089237316195423570985008687907852837564279074904382605163141518161443969,-50368,0xfffffffffffffffffffffffffffffffebaaedce6af48a03bbfd25e8cd0357c81
487,51072,51072,0xc780
488,51104,51104,0xc7a0
489,51264,51264,0xc840
490,51744,51744,0xca20
491,51776,51776,0xca40
492,115792089237316195423570985008687907852837564279074904382605163141518161442561,-51776,0xfffffffffffffffffffffffffffffffebaaedce6af48a03bbfd25e8cd0357701
493,51904,51904,0xcac0
494,52032,52032,0xcb40
495,52128,52128,0xcba0
496,115792089237316195423570985008687907852837564279074904382605163141518161442209,-52128,0xfffffffffffffffffffffffffffffffebaaedce6af48a03bbfd25e8cd03575a1
497,52256,52256,0xcc20
498,115792089237316195423570985008687907852837564279074904382605163141518161442081,-52256,0xfffffffffffffffffffffffffffffffebaaedce6af48a03bbfd25e8cd0357521
499,52448,52448,0xcce0
500,115792089237316195423570985008687907852837564279074904382605163141518161441889,-52448,0xfffffffffffffffffffffffffffffffebaaedce6af48a03bbfd25e8cd0357461
501,52832,52832,0xce60
502,115792089237316195423570985008687907852837564279074904382605163141518161441441,-52896,0xfffffffffffffffffffffffffffffffebaaedce6af48a03bbfd25e8cd03572a1
503,52896,52896,0xcea0
504,53024,53024,0xcf20
505,53792,53792,0xd220
506,115792089237316195423570985008687907852837564279074904382605163141518161440449,-53888,0xfffffffffffffffffffffffffffffffebaaedce6af48a03bbfd25e8cd0356ec1
507,53888,53888,0xd280
508,54144,54144,0xd380
509,54432,54432,0xd4a0
510,54752,54752,0xd5e0
511,54944,54944,0xd6a0
512,55296,55296,0xd800
513,115792089237316195423570985008687907852837564279074904382605163141518161439041,-55296,0xfffffffffffffffffffffffffffffffebaaedce6af48a03bbfd25e8cd0356941
514,55328,55328,0xd820
515,115792089237316195423570985008687907852837564279074904382605163141518161439009,-55328,0xfffffffffffffffffffffffffffffffebaaedce6af48a03bbfd25e8cd0356921
516,55552,55552,0xd900
517,55712,55712,0xd9a0
518,56192,56192,0xdb80
519,56448,56448,0xdc80
520,115792089237316195423570985008687907852837564279074904382605163141518161437889,-56448,0xfffffffffffffffffffffffffffffffebaaedce6af48a03bbfd25e8cd03564c1
521,56512,56512,0xdcc0
522,56672,56672,0xdd60
523,56704,56704,0xdd80
524,57024,57024,0xdec0
525,57152,57152,0xdf40
526,57408,57408,0xe040
527,115792089237316195423570985008687907852837564279074904382605163141518161436929,-57408,0xfffffffffffffffffffffffffffffffebaaedce6af48a03bbfd25e8cd0356101
528,57632,57632,0xe120
529,57792,57792,0xe1c0
530,58688,58688,0xe540
531,115792089237316195423570985008687907852837564279074904382605163141518161435649,-58688,0xfffffffffffffffffffffffffffffffebaaedce6af48a03bbfd25e8cd0355c01
532,58784,58784,0xe5a0
533,115792089237316195423570985008687907852837564279074904382605163141518161435361,-58976,0xfffffffffffffffffffffffffffffffebaaedce6af48a03bbfd25e8cd0355ae1
534,58976,58976,0xe660
535,115792089237316195423570985008687907852837564279074904382605163141518161435169,-59168,0xfffffffffffffffffffffffffffffffebaaedce6af48a03bbfd25e8cd0355a21
536,59168,59168,0xe720
537,59552,59552,0xe8a0
538,60224,60224,0xeb40
539,60512,60512,0xec60
540,60832,60832,0xeda0
541,61152,61152,0xeee0
542,115792089237316195423570985008687907852837564279074904382605163141518161432961,-61376,0xfffffffffffffffffffffffffffffffebaaedce6af48a03bbfd25e8cd0355181
543,61376,61376,0xefc0
544,61632,61632,0xf0c0
545,115792089237316195423570985008687907852837564279074904382605163141518161432481,-61856,0xfffffffffffffffffffffffffffffffebaaedce6af48a03bbfd25e8cd0354fa1
546,61856,61856,0xf1a0
547,61952,61952,0xf200
548,115792089237316195423570985008687907852837564279074904382605163141518161432321,-62016,0xfffffffffffffffffffffffffffffffebaaedce6af48a03bbfd25e8cd0354f01
549,62016,62016,0xf240
550,62272,62272,0xf340
551,62432,62432,0xf3e0
552,62496,62496,0xf420
553,115792089237316195423570985008687907852837564279074904382605163141518161431841,-62496,0xfffffffffffffffffffffffffffffffebaaedce6af48a03bbfd25e8cd0354d21
554,62592,62592,0xf480
555,62784,62784,0xf540
556,63232,63232,0xf700
557,115792089237316195423570985008687907852837564279074904382605163141518161430369,-63968,0xfffffffffffffffffffffffffffffffebaaedce6af48a03bbfd25e8cd0354761
558,63968,63968,0xf9e0
559,64064,64064,0xfa40
560,64512,64512,0xfc00
561,64768,64768,0xfd00
562,115792089237316195423570985008687907852837564279074904382605163141518161429569,-64768,0xfffffffffffffffffffffffffffffffebaaedce6af48a03bbfd25e8cd0354441
563,64992,64992,0xfde0
564,65504,65504,0xffe0
