Index,Candidate_Value_Hex,Candidate_Value_Dec
0,0x4000,16384
1,0x10001,65537
2,0x100000001,4294967297
3,0x3,3
4,0x20000,131072
5,0x5,5
6,0xfffffffffffffffffffffffffffffffebaaedce6af48a03bbfd25e8cd02e0e79,115792089237316195423570985008687907852837564279074904382605163141518160957049
7,0x7,7
8,0x8,8
9,0x4,4
10,0xfffffffffffffffffffffffffffffffebaaedce6af48a03bbfd25e8cd0360e7e,115792089237316195423570985008687907852837564279074904382605163141518161481342
11,0x800000,8388608
12,0x4000000,67108864
13,0x20000000,536870912
14,0x100000000,4294967296
15,0xf,15
16,0x11,17
17,0x13,19
18,0x18,24
19,0x1f,31
20,0x800000000,34359738368
21,0x20,32
22,0x23,35
23,0xfffffffffffffffffffffffffffffffebaaedce6af48a03bbfd25e8cd02d8e99,115792089237316195423570985008687907852837564279074904382605163141518160924313
24,0xfffffffffffffffffffffffffffffffebaaedce6af48a03bbfd25e8cd0270e9e,115792089237316195423570985008687907852837564279074904382605163141518160498334
25,0x30,48
26,0xfffffffffffffffffffffffffffffffebaaedce6af48a03bbfd25e8cd0362ea9,115792089237316195423570985008687907852837564279074904382605163141518161489577
27,0xfffffffffffffffffffffffffffffffebaaedce6af48a03bbfd25e8cd034ceb2,115792089237316195423570985008687907852837564279074904382605163141518161399474
28,0x4203f,270399
29,0x1f4040,2048064
30,0x3e03f,254015
31,0x3f,63
32,0x14040,81984
33,0x50040,327744
34,0x4c043,311363
35,0x140040,1310784
36,0x2d0040,2949184
37,0x6048,24648
38,0xb4040,737344
39,0xfffffffffffffffffffffffffffffffebaaedce6af48a03bbfd25e8cd0290ebe,115792089237316195423570985008687907852837564279074904382605163141518160629438
40,0xfffffffffffffffffffffffffffffffebaaedce6af48a03bbfd25e8cd034aec1,115792089237316195423570985008687907852837564279074904382605163141518161391297
41,0x50,80
42,0x55,85
43,0x2058,8280
44,0xda060,893024
45,0x63,99
46,0x6a068,434280
47,0xfffffffffffffffffffffffffffffffebaaedce6af48a03bbfd25e8cd02fcede,115792089237316195423570985008687907852837564279074904382605163141518161071838
48,0xfffffffffffffffffffffffffffffffebaaedce6af48a03bbfd25e8cd02b4ee1,115792089237316195423570985008687907852837564279074904382605163141518160776929
49,0x78,120
50,0xfffffffffffffffffffffffffffffffebaaedce6af48a03bbfd25e8cd0352ef1,115792089237316195423570985008687907852837564279074904382605163141518161424113
51,0x7f,127
52,0xc083,49283
53,0xfffffffffffffffffffffffffffffffebaaedce6af48a03bbfd25e8cd0308ef9,115792089237316195423570985008687907852837564279074904382605163141518161121017
54,0x7a088,499848
55,0xfffffffffffffffffffffffffffffffebaaedce6af48a03bbfd25e8cd0336efe,115792089237316195423570985008687907852837564279074904382605163141518161309438
56,0xfffffffffffffffffffffffffffffffebaaedce6af48a03bbfd25e8cd0356f02,115792089237316195423570985008687907852837564279074904382605163141518161440514
57,0x8f,143
58,0xfffffffffffffffffffffffffffffffebaaedce6af48a03bbfd25e8cd02caf02,115792089237316195423570985008687907852837564279074904382605163141518160867074
59,0xfffffffffffffffffffffffffffffffebaaedce6af48a03bbfd25e8cd0350f02,115792089237316195423570985008687907852837564279074904382605163141518161415938
60,0xfffffffffffffffffffffffffffffffebaaedce6af48a03bbfd25e8cd02dcf02,115792089237316195423570985008687907852837564279074904382605163141518160940802
61,0xfffffffffffffffffffffffffffffffebaaedce6af48a03bbfd25e8cd035cf09,115792089237316195423570985008687907852837564279074904382605163141518161465097
62,0xfffffffffffffffffffffffffffffffebaaedce6af48a03bbfd25e8cd0354f11,115792089237316195423570985008687907852837564279074904382605163141518161432337
63,0x5c0a3,376995
64,0xfffffffffffffffffffffffffffffffebaaedce6af48a03bbfd25e8cd027cf19,115792089237316195423570985008687907852837564279074904382605163141518160547609
65,0xa8,168
66,0xfffffffffffffffffffffffffffffffebaaedce6af48a03bbfd25e8cd033ef1e,115792089237316195423570985008687907852837564279074904382605163141518161342238
67,0xfffffffffffffffffffffffffffffffebaaedce6af48a03bbfd25e8cd035ef21,115792089237316195423570985008687907852837564279074904382605163141518161473313
68,0x280b8,164024
69,0xfffffffffffffffffffffffffffffffebaaedce6af48a03bbfd25e8cd0362f32,115792089237316195423570985008687907852837564279074904382605163141518161489714
70,0xfffffffffffffffffffffffffffffffebaaedce6af48a03bbfd25e8cd0284f32,115792089237316195423570985008687907852837564279074904382605163141518160580402
71,0x2a0c0,172224
72,0xc3,195
73,0xfffffffffffffffffffffffffffffffebaaedce6af48a03bbfd25e8cd02d2f39,115792089237316195423570985008687907852837564279074904382605163141518160899897
74,0xfffffffffffffffffffffffffffffffebaaedce6af48a03bbfd25e8cd02a0f3e,115792089237316195423570985008687907852837564279074904382605163141518160695102
75,0x860d8,549080
76,0xe0,224
77,0xb20e3,729315
78,0x3ffff,262143
79,0x1c0e8,114920
80,0xfffffffffffffffffffffffffffffffebaaedce6af48a03bbfd25e8cd0360f61,115792089237316195423570985008687907852837564279074904382605163141518161481569
81,0xfffffffffffffffffffffffffffffffebaaedce6af48a03bbfd25e8cd0344f69,115792089237316195423570985008687907852837564279074904382605163141518161366889
82,0xa0f8,41208
83,0x1fff,8191
84,0xff,255
85,0x4100,16640
86,0x101,257
87,0x3c0ff,246015
88,0xe0ff,57599
89,0x120ff,73983
90,0x440ff,278783
91,0x8a0ff,565503
92,0x960ff,614655
93,0xe0103,917763
94,0x100,256
95,0xfffffffffffffffffffffffffffffffebaaedce6af48a03bbfd25e8cd0316f7e,115792089237316195423570985008687907852837564279074904382605163141518161178494
96,0x210f,8463
97,0xba110,762128
98,0xd410f,868623
99,0x120,288
100,0x18123,98595
101,0xfffffffffffffffffffffffffffffffebaaedce6af48a03bbfd25e8cd034ef9e,115792089237316195423570985008687907852837564279074904382605163141518161407902
102,0xfffffffffffffffffffffffffffffffebaaedce6af48a03bbfd25e8cd028afa1,115792089237316195423570985008687907852837564279074904382605163141518160605089
103,0xfffffffffffffffffffffffffffffffebaaedce6af48a03bbfd25e8cd031efb2,115792089237316195423570985008687907852837564279074904382605163141518161211314
104,0xfffffffffffffffffffffffffffffffebaaedce6af48a03bbfd25e8cd0328fb2,115792089237316195423570985008687907852837564279074904382605163141518161252274
105,0x1e140,123200
106,0x143,323
107,0xfffffffffffffffffffffffffffffffebaaedce6af48a03bbfd25e8cd0362fb9,115792089237316195423570985008687907852837564279074904382605163141518161489849
108,0xfffffffffffffffffffffffffffffffebaaedce6af48a03bbfd25e8cd02acfbe,115792089237316195423570985008687907852837564279074904382605163141518160744382
109,0xfffffffffffffffffffffffffffffffebaaedce6af48a03bbfd25e8cd00a2fc1,115792089237316195423570985008687907852837564279074904382605163141518158606273
110,0xfffffffffffffffffffffffffffffffebaaedce6af48a03bbfd25e8cd0318fc1,115792089237316195423570985008687907852837564279074904382605163141518161186753
111,0xfffffffffffffffffffffffffffffffebaaedce6af48a03bbfd25e8cd030efc1,115792089237316195423570985008687907852837564279074904382605163141518161145793
112,0xc0150,786768
113,0xfffffffffffffffffffffffffffffffebaaedce6af48a03bbfd25e8cd0084fc1,115792089237316195423570985008687907852837564279074904382605163141518158483393
114,0xfffffffffffffffffffffffffffffffebaaedce6af48a03bbfd25e8cd035afc1,115792089237316195423570985008687907852837564279074904382605163141518161457089
115,0xfffffffffffffffffffffffffffffffebaaedce6af48a03bbfd25e8cd0294fd1,115792089237316195423570985008687907852837564279074904382605163141518160646097
116,0xe8160,950624
117,0x8163,33123
118,0x168,360
119,0x169,361
120,0xfffffffffffffffffffffffffffffffebaaedce6af48a03bbfd25e8cd02b6fde,115792089237316195423570985008687907852837564279074904382605163141518160785374
121,0xfffffffffffffffffffffffffffffffebaaedce6af48a03bbfd25e8cd032cfe9,115792089237316195423570985008687907852837564279074904382605163141518161268713
122,0x26178,156024
123,0xfffffffffffffffffffffffffffffffebaaedce6af48a03bbfd25e8cd035dd42,115792089237316195423570985008687907852837564279074904382605163141518161468738
124,0x180,384
125,0x136180,1270144
126,0x14a180,1352064
127,0x6183,24963
128,0xfffffffffffffffffffffffffffffffebaaedce6af48a03bbfd25e8cd02c8ff9,115792089237316195423570985008687907852837564279074904382605163141518160859129
129,0x18f,399
130,0x2c190,180624
131,0xfffffffffffffffffffffffffffffffebaaedce6af48a03bbfd25e8cd0359009,115792089237316195423570985008687907852837564279074904382605163141518161448969
132,0x32198,205208
133,0xfffffffffffffffffffffffffffffffebaaedce6af48a03bbfd25e8cd029d011,115792089237316195423570985008687907852837564279074904382605163141518160678929
134,0x821a3,532899
135,0xfffffffffffffffffffffffffffffffebaaedce6af48a03bbfd25e8cd0349019,115792089237316195423570985008687907852837564279074904382605163141518161383449
136,0x681a8,426408
137,0xfffffffffffffffffffffffffffffffebaaedce6af48a03bbfd25e8cd02e901e,115792089237316195423570985008687907852837564279074904382605163141518160990238
138,0x1a1b0,106928
139,0xfffffffffffffffffffffffffffffffebaaedce6af48a03bbfd25e8cd0341029,115792089237316195423570985008687907852837564279074904382605163141518161350697
140,0x1b8,440
141,0xfffffffffffffffffffffffffffffffebaaedce6af48a03bbfd25e8cd0339032,115792089237316195423570985008687907852837564279074904382605163141518161317938
142,0xfffffffffffffffffffffffffffffffebaaedce6af48a03bbfd25e8cd030b032,115792089237316195423570985008687907852837564279074904382605163141518161129522
143,0x141c0,82368
144,0x341c3,213443
145,0xfffffffffffffffffffffffffffffffebaaedce6af48a03bbfd25e8cd0301039,115792089237316195423570985008687907852837564279074904382605163141518161088569
146,0x21c8,8648
147,0xfffffffffffffffffffffffffffffffebaaedce6af48a03bbfd25e8cd036303e,115792089237316195423570985008687907852837564279074904382605163141518161489982
148,0xfffffffffffffffffffffffffffffffebaaedce6af48a03bbfd25e8cd033d042,115792089237316195423570985008687907852837564279074904382605163141518161334338
149,0xfffffffffffffffffffffffffffffffebaaedce6af48a03bbfd25e8cd0361042,115792089237316195423570985008687907852837564279074904382605163141518161481794
150,0xfffffffffffffffffffffffffffffffebaaedce6af48a03bbfd25e8cd035f042,115792089237316195423570985008687907852837564279074904382605163141518161473602
151,0xfffffffffffffffffffffffffffffffebaaedce6af48a03bbfd25e8cd0343042,115792089237316195423570985008687907852837564279074904382605163141518161358914
152,0xfffffffffffffffffffffffffffffffebaaedce6af48a03bbfd25e8cd0305042,115792089237316195423570985008687907852837564279074904382605163141518161104962
153,0xfffffffffffffffffffffffffffffffebaaedce6af48a03bbfd25e8cd02fb042,115792089237316195423570985008687907852837564279074904382605163141518161064002
154,0x7c1d0,508368
155,0xfffffffffffffffffffffffffffffffebaaedce6af48a03bbfd25e8cd02a7042,115792089237316195423570985008687907852837564279074904382605163141518160719938
156,0xfffffffffffffffffffffffffffffffebaaedce6af48a03bbfd25e8cd0299042,115792089237316195423570985008687907852837564279074904382605163141518160662594
157,0xfffffffffffffffffffffffffffffffebaaedce6af48a03bbfd25e8cd0347051,115792089237316195423570985008687907852837564279074904382605163141518161375313
158,0x1e3,483
159,0x7ffff,524287
160,0x161e8,90600
161,0xfffffffffffffffffffffffffffffffebaaedce6af48a03bbfd25e8cd035d05e,115792089237316195423570985008687907852837564279074904382605163141518161465438
162,0x4a1f0,303600
163,0x541f8,344568
164,0xc3fff,802815
165,0xfffffffffffffffffffffffffffffffebaaedce6af48a03bbfd25e8cd0335071,115792089237316195423570985008687907852837564279074904382605163141518161301617
166,0x1ff,511
167,0x10200,66048
168,0x4203,16899
169,0xfffffffffffffffffffffffffffffffebaaedce6af48a03bbfd25e8cd031b079,115792089237316195423570985008687907852837564279074904382605163141518161195129
170,0x3020f,197135
171,0x210,528
172,0x5220f,336399
173,0x8e218,582168
174,0xfffffffffffffffffffffffffffffffebaaedce6af48a03bbfd25e8cd0315091,115792089237316195423570985008687907852837564279074904382605163141518161170577
175,0x62223,401955
176,0xfffffffffffffffffffffffffffffffebaaedce6af48a03bbfd25e8cd033b09e,115792089237316195423570985008687907852837564279074904382605163141518161326238
177,0xfffffffffffffffffffffffffffffffebaaedce6af48a03bbfd25e8cd027b0a1,115792089237316195423570985008687907852837564279074904382605163141518160539809
178,0xfffffffffffffffffffffffffffffffebaaedce6af48a03bbfd25e8cd02b90a9,115792089237316195423570985008687907852837564279074904382605163141518160793769
179,0xfffffffffffffffffffffffffffffffebaaedce6af48a03bbfd25e8cd02e30b1,115792089237316195423570985008687907852837564279074904382605163141518160965809
180,0xfffffffffffffffffffffffffffffffebaaedce6af48a03bbfd25e8cd03210b2,115792089237316195423570985008687907852837564279074904382605163141518161219762
181,0x3a23f,238143
182,0x23f,575
183,0xc240,49728
184,0x4623f,287295
185,0x56243,352835
186,0xfffffffffffffffffffffffffffffffebaaedce6af48a03bbfd25e8cd03270b2,115792089237316195423570985008687907852837564279074904382605163141518161244338
187,0xfffffffffffffffffffffffffffffffebaaedce6af48a03bbfd25e8cd02c70be,115792089237316195423570985008687907852837564279074904382605163141518160851134
188,0xfffffffffffffffffffffffffffffffebaaedce6af48a03bbfd25e8cd03630c1,115792089237316195423570985008687907852837564279074904382605163141518161490113
189,0xb4258,737880
190,0xfffffffffffffffffffffffffffffffebaaedce6af48a03bbfd25e8cd03570d1,115792089237316195423570985008687907852837564279074904382605163141518161440977
191,0x22263,139875
192,0x5e268,385640
193,0x270,624
194,0x94278,606840
195,0x2283,8835
196,0x50288,328328
197,0xfffffffffffffffffffffffffffffffebaaedce6af48a03bbfd25e8cd032f0fe,115792089237316195423570985008687907852837564279074904382605163141518161277182
198,0xfffffffffffffffffffffffffffffffebaaedce6af48a03bbfd25e8cd035f101,115792089237316195423570985008687907852837564279074904382605163141518161473793
199,0xfffffffffffffffffffffffffffffffebaaedce6af48a03bbfd25e8cd02d7102,115792089237316195423570985008687907852837564279074904382605163141518160916738
200,0xfffffffffffffffffffffffffffffffebaaedce6af48a03bbfd25e8cd0337101,115792089237316195423570985008687907852837564279074904382605163141518161309953
201,0xfffffffffffffffffffffffffffffffebaaedce6af48a03bbfd25e8cd02e7101,115792089237316195423570985008687907852837564279074904382605163141518160982273
202,0xfffffffffffffffffffffffffffffffebaaedce6af48a03bbfd25e8cd026f101,115792089237316195423570985008687907852837564279074904382605163141518160490753
203,0xfffffffffffffffffffffffffffffffebaaedce6af48a03bbfd25e8cd01cf101,115792089237316195423570985008687907852837564279074904382605163141518159835393
204,0xfffffffffffffffffffffffffffffffebaaedce6af48a03bbfd25e8cd0107101,115792089237316195423570985008687907852837564279074904382605163141518159016193
205,0xfffffffffffffffffffffffffffffffebaaedce6af48a03bbfd25e8cd0355102,115792089237316195423570985008687907852837564279074904382605163141518161432834
206,0xa28f,41615
207,0x36290,221840
208,0xfffffffffffffffffffffffffffffffebaaedce6af48a03bbfd25e8cd030d109,115792089237316195423570985008687907852837564279074904382605163141518161137929
209,0xa428f,672399
210,0xa22a0,664224
211,0x2a3,675
212,0xfffffffffffffffffffffffffffffffebaaedce6af48a03bbfd25e8cd034d119,115792089237316195423570985008687907852837564279074904382605163141518161400089
213,0xfffffffffffffffffffffffffffffffebaaedce6af48a03bbfd25e8cd0361121,115792089237316195423570985008687907852837564279074904382605163141518161482017
214,0xa62b0,680624
215,0x202b8,131768
216,0xfffffffffffffffffffffffffffffffebaaedce6af48a03bbfd25e8cd0351131,115792089237316195423570985008687907852837564279074904382605163141518161416497
217,0xfffffffffffffffffffffffffffffffebaaedce6af48a03bbfd25e8cd0325132,115792089237316195423570985008687907852837564279074904382605163141518161236274
218,0xfffffffffffffffffffffffffffffffebaaedce6af48a03bbfd25e8cd0323132,115792089237316195423570985008687907852837564279074904382605163141518161228082
219,0x62c0,25280
220,0xca2c3,828099
221,0xfffffffffffffffffffffffffffffffebaaedce6af48a03bbfd25e8cd0333142,115792089237316195423570985008687907852837564279074904382605163141518161293634
222,0xfffffffffffffffffffffffffffffffebaaedce6af48a03bbfd25e8cd0313142,115792089237316195423570985008687907852837564279074904382605163141518161162562
223,0x82d0,33488
224,0xfffffffffffffffffffffffffffffffebaaedce6af48a03bbfd25e8cd0363142,115792089237316195423570985008687907852837564279074904382605163141518161490242
225,0xfffffffffffffffffffffffffffffffebaaedce6af48a03bbfd25e8cd035b142,115792089237316195423570985008687907852837564279074904382605163141518161457474
226,0xfffffffffffffffffffffffffffffffebaaedce6af48a03bbfd25e8cd034b142,115792089237316195423570985008687907852837564279074904382605163141518161391938
227,0xfffffffffffffffffffffffffffffffebaaedce6af48a03bbfd25e8cd02eb142,115792089237316195423570985008687907852837564279074904382605163141518160998722
228,0xfffffffffffffffffffffffffffffffebaaedce6af48a03bbfd25e8cd02bb142,115792089237316195423570985008687907852837564279074904382605163141518160802114
229,0xfffffffffffffffffffffffffffffffebaaedce6af48a03bbfd25e8cd0283142,115792089237316195423570985008687907852837564279074904382605163141518160572738
230,0x2d8,728
231,0xfffffffffffffffffffffffffffffffebaaedce6af48a03bbfd25e8cd02c5151,115792089237316195423570985008687907852837564279074904382605163141518160843089
232,0xe2e0,58080
233,0xa02e3,656099
234,0xd82e8,885480
235,0xfffffffffffffffffffffffffffffffebaaedce6af48a03bbfd25e8cd02f915e,115792089237316195423570985008687907852837564279074904382605163141518161056094
236,0xfffffffffffffffffffffffffffffffebaaedce6af48a03bbfd25e8cd035f161,115792089237316195423570985008687907852837564279074904382605163141518161473889
237,0x582f0,361200
238,0xe62f8,942840
239,0xfffffffffffffffffffffffffffffffebaaedce6af48a03bbfd25e8cd0331171,115792089237316195423570985008687907852837564279074904382605163141518161285489
240,0x24300,148224
241,0xa8303,688899
242,0xfffffffffffffffffffffffffffffffebaaedce6af48a03bbfd25e8cd02af179,115792089237316195423570985008687907852837564279074904382605163141518160753017
243,0x4308,17160
244,0xfffffffffffffffffffffffffffffffebaaedce6af48a03bbfd25e8cd030f17e,115792089237316195423570985008687907852837564279074904382605163141518161146238
245,0x30f,783
246,0xce310,844560
247,0xf230f,992015
248,0xc6318,811800
249,0xfffffffffffffffffffffffffffffffebaaedce6af48a03bbfd25e8cd0311191,115792089237316195423570985008687907852837564279074904382605163141518161154449
250,0x12320,74528
251,0xde323,910115
252,0x2e328,189224
253,0xfffffffffffffffffffffffffffffffebaaedce6af48a03bbfd25e8cd028f19e,115792089237316195423570985008687907852837564279074904382605163141518160621982
254,0x66330,418608
255,0xfffffffffffffffffffffffffffffffebaaedce6af48a03bbfd25e8cd02bd1a9,115792089237316195423570985008687907852837564279074904382605163141518160810409
256,0xfffffffffffffffffffffffffffffffebaaedce6af48a03bbfd25e8cd035d1b1,115792089237316195423570985008687907852837564279074904382605163141518161465777
257,0xfffffffffffffffffffffffffffffffebaaedce6af48a03bbfd25e8cd03591b2,115792089237316195423570985008687907852837564279074904382605163141518161449394
258,0xfffffffffffffffffffffffffffffffebaaedce6af48a03bbfd25e8cd02c31b2,115792089237316195423570985008687907852837564279074904382605163141518160834994
259,0x2340,9024
260,0xbc343,770883
261,0x348,840
262,0xfffffffffffffffffffffffffffffffebaaedce6af48a03bbfd25e8cd02df1be,115792089237316195423570985008687907852837564279074904382605163141518160949694
263,0xfffffffffffffffffffffffffffffffebaaedce6af48a03bbfd25e8cd03631c1,115792089237316195423570985008687907852837564279074904382605163141518161490369
264,0xfffffffffffffffffffffffffffffffebaaedce6af48a03bbfd25e8cd032b1c1,115792089237316195423570985008687907852837564279074904382605163141518161260993
265,0xfffffffffffffffffffffffffffffffebaaedce6af48a03bbfd25e8cd02f91c1,115792089237316195423570985008687907852837564279074904382605163141518161056193
266,0xfffffffffffffffffffffffffffffffebaaedce6af48a03bbfd25e8cd00dd1c1,115792089237316195423570985008687907852837564279074904382605163141518158844353
267,0x9e358,648024
268,0x7e360,516960
269,0x4e363,320355
270,0xfffffffffffffffffffffffffffffffebaaedce6af48a03bbfd25e8cd02db1d9,115792089237316195423570985008687907852837564279074904382605163141518160933337
271,0xfffffffffffffffffffffffffffffffebaaedce6af48a03bbfd25e8cd02bf1de,115792089237316195423570985008687907852837564279074904382605163141518160818654
272,0xfffffffffffffffffffffffffffffffebaaedce6af48a03bbfd25e8cd02c11e1,115792089237316195423570985008687907852837564279074904382605163141518160826849
273,0xfffffffffffffffffffffffffffffffebaaedce6af48a03bbfd25e8cd034f1e9,115792089237316195423570985008687907852837564279074904382605163141518161408489
274,0xfffffffffffffffffffffffffffffffebaaedce6af48a03bbfd25e8cd0361d42,115792089237316195423570985008687907852837564279074904382605163141518161485122
275,0x9e380,648064
276,0x21a380,2204544
277,0x1c380,115584
278,0x383,899
279,0xfffffffffffffffffffffffffffffffebaaedce6af48a03bbfd25e8cd032b1f9,115792089237316195423570985008687907852837564279074904382605163141518161261049
280,0xaa388,697224
281,0xfffffffffffffffffffffffffffffffebaaedce6af48a03bbfd25e8cd03611fe,115792089237316195423570985008687907852837564279074904382605163141518161482238
282,0x1c38f,115599
283,0x7238f,467855
284,0xfffffffffffffffffffffffffffffffebaaedce6af48a03bbfd25e8cd0279209,115792089237316195423570985008687907852837564279074904382605163141518160531977
285,0x18398,99224
286,0xfffffffffffffffffffffffffffffffebaaedce6af48a03bbfd25e8cd02a3211,115792089237316195423570985008687907852837564279074904382605163141518160704017
287,0x703a3,459683
288,0xfffffffffffffffffffffffffffffffebaaedce6af48a03bbfd25e8cd0289219,115792089237316195423570985008687907852837564279074904382605163141518160597529
289,0xfffffffffffffffffffffffffffffffebaaedce6af48a03bbfd25e8cd02ed21e,115792089237316195423570985008687907852837564279074904382605163141518161007134
290,0xfffffffffffffffffffffffffffffffebaaedce6af48a03bbfd25e8cd033f229,115792089237316195423570985008687907852837564279074904382605163141518161343017
291,0x883b8,558008
292,0xfffffffffffffffffffffffffffffffebaaedce6af48a03bbfd25e8cd0307231,115792089237316195423570985008687907852837564279074904382605163141518161113649
293,0xfffffffffffffffffffffffffffffffebaaedce6af48a03bbfd25e8cd0345232,115792089237316195423570985008687907852837564279074904382605163141518161367602
294,0xfffffffffffffffffffffffffffffffebaaedce6af48a03bbfd25e8cd02f7232,115792089237316195423570985008687907852837564279074904382605163141518161048114
295,0x3c0,960
296,0x743c3,476099
297,0xfffffffffffffffffffffffffffffffebaaedce6af48a03bbfd25e8cd02ff239,115792089237316195423570985008687907852837564279074904382605163141518161080889
298,0xfffffffffffffffffffffffffffffffebaaedce6af48a03bbfd25e8cd036323e,115792089237316195423570985008687907852837564279074904382605163141518161490494
299,0x283e3,164835
300,0xfffffffffffffffffffffffffffffffebaaedce6af48a03bbfd25e8cd0337259,115792089237316195423570985008687907852837564279074904382605163141518161310297
301,0xfffffffffffffffffffffffffffffffebaaedce6af48a03bbfd25e8cd031925e,115792089237316195423570985008687907852837564279074904382605163141518161187422
302,0xfffffffffffffffffffffffffffffffebaaedce6af48a03bbfd25e8cd031d269,115792089237316195423570985008687907852837564279074904382605163141518161203817
303,0x7fff,32767
304,0x1e3ff,123903
305,0x6e3ff,451583
306,0x5a3ff,369663
307,0x9c3ff,639999
308,0x383ff,230399
309,0x483ff,295935
310,0x2a3ff,173055
311,0x3ff,1023
312,0x23ff,9215
313,0x63ff,25599
314,0x10403,66563
315,0xfffffffffffffffffffffffffffffffebaaedce6af48a03bbfd25e8cd035f27e,115792089237316195423570985008687907852837564279074904382605163141518161474174
316,0x100000,1048576
317,0x440f,17423
318,0xc240f,795663
319,0xfffffffffffffffffffffffffffffffebaaedce6af48a03bbfd25e8cd02a9289,115792089237316195423570985008687907852837564279074904382605163141518160728713
320,0x92423,599075
321,0xfffffffffffffffffffffffffffffffebaaedce6af48a03bbfd25e8cd02cf299,115792089237316195423570985008687907852837564279074904382605163141518160884377
322,0xa428,42024
323,0xfffffffffffffffffffffffffffffffebaaedce6af48a03bbfd25e8cd035729e,115792089237316195423570985008687907852837564279074904382605163141518161441438
324,0xfffffffffffffffffffffffffffffffebaaedce6af48a03bbfd25e8cd02e52a1,115792089237316195423570985008687907852837564279074904382605163141518160974497
325,0x3e430,255024
326,0xfffffffffffffffffffffffffffffffebaaedce6af48a03bbfd25e8cd03492b2,115792089237316195423570985008687907852837564279074904382605163141518161384114
327,0x7643f,484415
328,0x843f,33855
329,0xac43f,705599
330,0x1a43f,107583
331,0x16443,91203
332,0xfffffffffffffffffffffffffffffffebaaedce6af48a03bbfd25e8cd02ef2b2,115792089237316195423570985008687907852837564279074904382605163141518161015474
333,0xfffffffffffffffffffffffffffffffebaaedce6af48a03bbfd25e8cd03632b9,115792089237316195423570985008687907852837564279074904382605163141518161490617
334,0x440,1088
335,0xfffffffffffffffffffffffffffffffebaaedce6af48a03bbfd25e8cd02f52be,115792089237316195423570985008687907852837564279074904382605163141518161040062
336,0xfffffffffffffffffffffffffffffffebaaedce6af48a03bbfd25e8cd035b2c1,115792089237316195423570985008687907852837564279074904382605163141518161457857
337,0x42450,271440
338,0x8c463,574563
339,0xfffffffffffffffffffffffffffffffebaaedce6af48a03bbfd25e8cd03612d9,115792089237316195423570985008687907852837564279074904382605163141518161482457
340,0xfffffffffffffffffffffffffffffffebaaedce6af48a03bbfd25e8cd03032de,115792089237316195423570985008687907852837564279074904382605163141518161097438
341,0xfffffffffffffffffffffffffffffffebaaedce6af48a03bbfd25e8cd03552f1,115792089237316195423570985008687907852837564279074904382605163141518161433329
342,0x483,1155
343,0xfffffffffffffffffffffffffffffffebaaedce6af48a03bbfd25e8cd02932f9,115792089237316195423570985008687907852837564279074904382605163141518160638713
344,0xfffffffffffffffffffffffffffffffebaaedce6af48a03bbfd25e8cd02f12fe,115792089237316195423570985008687907852837564279074904382605163141518161023742
345,0xfffffffffffffffffffffffffffffffebaaedce6af48a03bbfd25e8cd035d302,115792089237316195423570985008687907852837564279074904382605163141518161466114
346,0x2648f,156815
347,0xfffffffffffffffffffffffffffffffebaaedce6af48a03bbfd25e8cd0347302,115792089237316195423570985008687907852837564279074904382605163141518161376002
348,0x6048f,394383
349,0xfffffffffffffffffffffffffffffffebaaedce6af48a03bbfd25e8cd02f3302,115792089237316195423570985008687907852837564279074904382605163141518161031938
350,0xfffffffffffffffffffffffffffffffebaaedce6af48a03bbfd25e8cd02b1302,115792089237316195423570985008687907852837564279074904382605163141518160761602
351,0xfffffffffffffffffffffffffffffffebaaedce6af48a03bbfd25e8cd0353311,115792089237316195423570985008687907852837564279074904382605163141518161425169
352,0x4c4a0,312480
353,0x6c4a3,443555
354,0xfffffffffffffffffffffffffffffffebaaedce6af48a03bbfd25e8cd034131e,115792089237316195423570985008687907852837564279074904382605163141518161351454
355,0xfffffffffffffffffffffffffffffffebaaedce6af48a03bbfd25e8cd0343321,115792089237316195423570985008687907852837564279074904382605163141518161359649
356,0xe44b0,935088
357,0xfffffffffffffffffffffffffffffffebaaedce6af48a03bbfd25e8cd0286d02,115792089237316195423570985008687907852837564279074904382605163141518160588034
358,0xfffffffffffffffffffffffffffffffebaaedce6af48a03bbfd25e8cd0363332,115792089237316195423570985008687907852837564279074904382605163141518161490738
359,0xfffffffffffffffffffffffffffffffebaaedce6af48a03bbfd25e8cd0281332,115792089237316195423570985008687907852837564279074904382605163141518160565042
360,0x24c0,9408
361,0xe4c3,58563
362,0xfffffffffffffffffffffffffffffffebaaedce6af48a03bbfd25e8cd02d5339,115792089237316195423570985008687907852837564279074904382605163141518160909113
363,0x4c8,1224
364,0xfffffffffffffffffffffffffffffffebaaedce6af48a03bbfd25e8cd029f33e,115792089237316195423570985008687907852837564279074904382605163141518160687934
365,0x9a4d8,632024
366,0xfffffffffffffffffffffffffffffffebaaedce6af48a03bbfd25e8cd0277351,115792089237316195423570985008687907852837564279074904382605163141518160524113
367,0x3c4e0,247008
368,0x2c4e3,181475
369,0xfffffffffffffffffffffffffffffffebaaedce6af48a03bbfd25e8cd0359359,115792089237316195423570985008687907852837564279074904382605163141518161449817
370,0xfffffffffffffffffffffffffffffffebaaedce6af48a03bbfd25e8cd035135e,115792089237316195423570985008687907852837564279074904382605163141518161417054
371,0xfffffffffffffffffffffffffffffffebaaedce6af48a03bbfd25e8cd033d361,115792089237316195423570985008687907852837564279074904382605163141518161335137
372,0x64500,410880
373,0x78503,492803
374,0xfffffffffffffffffffffffffffffffebaaedce6af48a03bbfd25e8cd0339379,115792089237316195423570985008687907852837564279074904382605163141518161318777
375,0xfffffffffffffffffffffffffffffffebaaedce6af48a03bbfd25e8cd034d37e,115792089237316195423570985008687907852837564279074904382605163141518161400702
376,0x50f,1295
377,0xee50f,976143
378,0xfffffffffffffffffffffffffffffffebaaedce6af48a03bbfd25e8cd0329389,115792089237316195423570985008687907852837564279074904382605163141518161253257
379,0x4518,17688
380,0x44520,279840
381,0x32523,206115
382,0xfffffffffffffffffffffffffffffffebaaedce6af48a03bbfd25e8cd035f399,115792089237316195423570985008687907852837564279074904382605163141518161474457
383,0xae528,714024
384,0xfffffffffffffffffffffffffffffffebaaedce6af48a03bbfd25e8cd032d39e,115792089237316195423570985008687907852837564279074904382605163141518161269662
385,0xfffffffffffffffffffffffffffffffebaaedce6af48a03bbfd25e8cd03633a9,115792089237316195423570985008687907852837564279074904382605163141518161490857
386,0x80538,525624
387,0xfffffffffffffffffffffffffffffffebaaedce6af48a03bbfd25e8cd03613b2,115792089237316195423570985008687907852837564279074904382605163141518161482674
388,0xfffffffffffffffffffffffffffffffebaaedce6af48a03bbfd25e8cd02973b2,115792089237316195423570985008687907852837564279074904382605163141518160655282
389,0x2ee540,3073344
390,0x540,1344
391,0x2b2540,2827584
392,0x12c540,1230144
393,0x154540,1393984
394,0x12543,75075
395,0x46540,288064
396,0x6540,25920
397,0x5a540,369984
398,0xfffffffffffffffffffffffffffffffebaaedce6af48a03bbfd25e8cd03093be,115792089237316195423570985008687907852837564279074904382605163141518161122238
399,0xfffffffffffffffffffffffffffffffebaaedce6af48a03bbfd25e8cd034b3c1,115792089237316195423570985008687907852837564279074904382605163141518161392577
400,0xfffffffffffffffffffffffffffffffebaaedce6af48a03bbfd25e8cd02ed3c1,115792089237316195423570985008687907852837564279074904382605163141518161007553
401,0xfffffffffffffffffffffffffffffffebaaedce6af48a03bbfd25e8cd03333c1,115792089237316195423570985008687907852837564279074904382605163141518161294273
402,0x22550,140624
403,0xfffffffffffffffffffffffffffffffebaaedce6af48a03bbfd25e8cd00f93c1,115792089237316195423570985008687907852837564279074904382605163141518158959553
404,0xfffffffffffffffffffffffffffffffebaaedce6af48a03bbfd25e8cd029b3c9,115792089237316195423570985008687907852837564279074904382605163141518160671689
405,0x558,1368
406,0xfffffffffffffffffffffffffffffffebaaedce6af48a03bbfd25e8cd033b3d1,115792089237316195423570985008687907852837564279074904382605163141518161327057
407,0x34560,214368
408,0xdc563,902499
409,0xfffffffffffffffffffffffffffffffebaaedce6af48a03bbfd25e8cd031f3d9,115792089237316195423570985008687907852837564279074904382605163141518161212377
410,0xfffffffffffffffffffffffffffffffebaaedce6af48a03bbfd25e8cd03353de,115792089237316195423570985008687907852837564279074904382605163141518161302494
411,0xfffffffffffffffffffffffffffffffebaaedce6af48a03bbfd25e8cd03173e1,115792089237316195423570985008687907852837564279074904382605163141518161179617
412,0x5c570,378224
413,0xfffffffffffffffffffffffffffffffebaaedce6af48a03bbfd25e8cd02fd3f1,115792089237316195423570985008687907852837564279074904382605163141518161073137
414,0x1a0580,1705344
415,0x6580,25984
416,0xec580,968064
417,0x2583,9603
418,0x30588,198024
419,0xfffffffffffffffffffffffffffffffebaaedce6af48a03bbfd25e8cd02cd3fe,115792089237316195423570985008687907852837564279074904382605163141518160876542
420,0xfffffffffffffffffffffffffffffffebaaedce6af48a03bbfd25e8cd00eb401,115792089237316195423570985008687907852837564279074904382605163141518158902273
421,0xfffffffffffffffffffffffffffffffebaaedce6af48a03bbfd25e8cd032f401,115792089237316195423570985008687907852837564279074904382605163141518161277953
422,0xfffffffffffffffffffffffffffffffebaaedce6af48a03bbfd25e8cd0361401,115792089237316195423570985008687907852837564279074904382605163141518161482753
423,0xfffffffffffffffffffffffffffffffebaaedce6af48a03bbfd25e8cd025d401,115792089237316195423570985008687907852837564279074904382605163141518160417793
424,0xfffffffffffffffffffffffffffffffebaaedce6af48a03bbfd25e8cd01e5401,115792089237316195423570985008687907852837564279074904382605163141518159926273
425,0x2058f,132495
426,0x6a58f,435599
427,0xd6590,877968
428,0xfffffffffffffffffffffffffffffffebaaedce6af48a03bbfd25e8cd02f3401,115792089237316195423570985008687907852837564279074904382605163141518161032193
429,0x5a3,1443
430,0xbe5a8,779688
431,0xfffffffffffffffffffffffffffffffebaaedce6af48a03bbfd25e8cd036341e,115792089237316195423570985008687907852837564279074904382605163141518161490974
432,0x85b0,34224
433,0xfffffffffffffffffffffffffffffffebaaedce6af48a03bbfd25e8cd034f432,115792089237316195423570985008687907852837564279074904382605163141518161409074
434,0xfffffffffffffffffffffffffffffffebaaedce6af48a03bbfd25e8cd02e1432,115792089237316195423570985008687907852837564279074904382605163141518160958514
435,0xc5c0,50624
436,0xa5c3,42435
437,0xfffffffffffffffffffffffffffffffebaaedce6af48a03bbfd25e8cd035b43e,115792089237316195423570985008687907852837564279074904382605163141518161458238
438,0x5d1,1489
439,0xfffffffffffffffffffffffffffffffebaaedce6af48a03bbfd25e8cd02e7449,115792089237316195423570985008687907852837564279074904382605163141518160983113
440,0xb85d8,755160
441,0xfffffffffffffffffffffffffffffffebaaedce6af48a03bbfd25e8cd035d451,115792089237316195423570985008687907852837564279074904382605163141518161466449
442,0x985e3,624099
443,0xfffffffffffffffffffffffffffffffebaaedce6af48a03bbfd25e8cd02b3459,115792089237316195423570985008687907852837564279074904382605163141518160770137
444,0xfffffffffffffffffffffffffffffffebaaedce6af48a03bbfd25e8cd028d45e,115792089237316195423570985008687907852837564279074904382605163141518160614494
445,0x5f0,1520
446,0xfffffffffffffffffffffffffffffffebaaedce6af48a03bbfd25e8cd0357469,115792089237316195423570985008687907852837564279074904382605163141518161441897
447,0xfffffffffffffffffffffffffffffffebaaedce6af48a03bbfd25e8cd0287471,115792089237316195423570985008687907852837564279074904382605163141518160589937
448,0x90600,591360
449,0x24603,148995
450,0xfffffffffffffffffffffffffffffffebaaedce6af48a03bbfd25e8cd0275479,115792089237316195423570985008687907852837564279074904382605163141518160516217
451,0x10608,67080
452,0xfffffffffffffffffffffffffffffffebaaedce6af48a03bbfd25e8cd02d947e,115792089237316195423570985008687907852837564279074904382605163141518160925822
453,0x1860f,99855
454,0x3a610,239120
455,0x7a60f,501263
456,0xfffffffffffffffffffffffffffffffebaaedce6af48a03bbfd25e8cd0361489,115792089237316195423570985008687907852837564279074904382605163141518161482889
457,0xfffffffffffffffffffffffffffffffebaaedce6af48a03bbfd25e8cd0363491,115792089237316195423570985008687907852837564279074904382605163141518161491089
458,0x4623,17955
459,0xfffffffffffffffffffffffffffffffebaaedce6af48a03bbfd25e8cd0327499,115792089237316195423570985008687907852837564279074904382605163141518161245337
460,0xfffffffffffffffffffffffffffffffebaaedce6af48a03bbfd25e8cd02ab49e,115792089237316195423570985008687907852837564279074904382605163141518160737438
461,0xfffffffffffffffffffffffffffffffebaaedce6af48a03bbfd25e8cd032f4a1,115792089237316195423570985008687907852837564279074904382605163141518161278113
462,0x1c638,116280
463,0xfffffffffffffffffffffffffffffffebaaedce6af48a03bbfd25e8cd035f4b2,115792089237316195423570985008687907852837564279074904382605163141518161474738
464,0x3663f,222783
465,0x4a63f,304703
466,0x63f,1599
467,0x14640,83520
468,0xb0643,722499
469,0xfffffffffffffffffffffffffffffffebaaedce6af48a03bbfd25e8cd02a54b2,115792089237316195423570985008687907852837564279074904382605163141518160712882
470,0xec63f,968255
471,0x2648,9800
472,0xfffffffffffffffffffffffffffffffebaaedce6af48a03bbfd25e8cd031b4be,115792089237316195423570985008687907852837564279074904382605163141518161196222
473,0xfffffffffffffffffffffffffffffffebaaedce6af48a03bbfd25e8cd03334c1,115792089237316195423570985008687907852837564279074904382605163141518161294529
474,0xfffffffffffffffffffffffffffffffebaaedce6af48a03bbfd25e8cd03214c9,115792089237316195423570985008687907852837564279074904382605163141518161220809
475,0xfffffffffffffffffffffffffffffffebaaedce6af48a03bbfd25e8cd02dd4d1,115792089237316195423570985008687907852837564279074904382605163141518160942289
476,0xc8663,820835
477,0xcc668,837224
478,0xfffffffffffffffffffffffffffffffebaaedce6af48a03bbfd25e8cd03554de,115792089237316195423570985008687907852837564279074904382605163141518161433822
479,0x46670,288368
480,0xfffffffffffffffffffffffffffffffebaaedce6af48a03bbfd25e8cd030b4e9,115792089237316195423570985008687907852837564279074904382605163141518161130729
481,0x6683,26243
482,0xfffffffffffffffffffffffffffffffebaaedce6af48a03bbfd25e8cd03454f9,115792089237316195423570985008687907852837564279074904382605163141518161368313
483,0xe2688,927368
484,0xfffffffffffffffffffffffffffffffebaaedce6af48a03bbfd25e8cd03594fe,115792089237316195423570985008687907852837564279074904382605163141518161450238
485,0xfffffffffffffffffffffffffffffffebaaedce6af48a03bbfd25e8cd027f502,115792089237316195423570985008687907852837564279074904382605163141518160557314
486,0xfffffffffffffffffffffffffffffffebaaedce6af48a03bbfd25e8cd0363502,115792089237316195423570985008687907852837564279074904382605163141518161491202
487,0x5468f,345743
488,0xfffffffffffffffffffffffffffffffebaaedce6af48a03bbfd25e8cd0315502,115792089237316195423570985008687907852837564279074904382605163141518161171714
489,0xfffffffffffffffffffffffffffffffebaaedce6af48a03bbfd25e8cd0331502,115792089237316195423570985008687907852837564279074904382605163141518161286402
490,0x2e68f,190095
491,0x690,1680
492,0x52698,337560
493,0xfffffffffffffffffffffffffffffffebaaedce6af48a03bbfd25e8cd0340142,115792089237316195423570985008687907852837564279074904382605163141518161346882
494,0x166a0,91808
495,0x866a3,550563
496,0xe6a8,59048
497,0xfffffffffffffffffffffffffffffffebaaedce6af48a03bbfd25e8cd035351e,115792089237316195423570985008687907852837564279074904382605163141518161425694
498,0xfffffffffffffffffffffffffffffffebaaedce6af48a03bbfd25e8cd0305521,115792089237316195423570985008687907852837564279074904382605163141518161106209
499,0xfffffffffffffffffffffffffffffffebaaedce6af48a03bbfd25e8cd0325529,115792089237316195423570985008687907852837564279074904382605163141518161237289
500,0xfffffffffffffffffffffffffffffffebaaedce6af48a03bbfd25e8cd02cb531,115792089237316195423570985008687907852837564279074904382605163141518160868657
501,0xfffffffffffffffffffffffffffffffebaaedce6af48a03bbfd25e8cd033f532,115792089237316195423570985008687907852837564279074904382605163141518161343794
502,0xfffffffffffffffffffffffffffffffebaaedce6af48a03bbfd25e8cd0301532,115792089237316195423570985008687907852837564279074904382605163141518161089842
503,0x1e6c0,124608
504,0x686c3,427715
505,0xfffffffffffffffffffffffffffffffebaaedce6af48a03bbfd25e8cd0323539,115792089237316195423570985008687907852837564279074904382605163141518161229113
506,0xfffffffffffffffffffffffffffffffebaaedce6af48a03bbfd25e8cd02d353e,115792089237316195423570985008687907852837564279074904382605163141518160901438
507,0x1a6d0,108240
508,0xfffffffffffffffffffffffffffffffebaaedce6af48a03bbfd25e8cd0349549,115792089237316195423570985008687907852837564279074904382605163141518161384777
509,0x8a6e0,567008
510,0x6e3,1763
511,0x566e8,354024
512,0xfffffffffffffffffffffffffffffffebaaedce6af48a03bbfd25e8cd036155e,115792089237316195423570985008687907852837564279074904382605163141518161483102
513,0xfffffffffffffffffffffffffffffffebaaedce6af48a03bbfd25e8cd02fb561,115792089237316195423570985008687907852837564279074904382605163141518161065313
514,0xfffffffffffffffffffffffffffffffebaaedce6af48a03bbfd25e8cd0363571,115792089237316195423570985008687907852837564279074904382605163141518161491313
515,0xc4700,804608
516,0x50703,329475
517,0xfffffffffffffffffffffffffffffffebaaedce6af48a03bbfd25e8cd02b557e,115792089237316195423570985008687907852837564279074904382605163141518160778622
518,0xfffffffffffffffffffffffffffffffebaaedce6af48a03bbfd25e8cd0273581,115792089237316195423570985008687907852837564279074904382605163141518160508289
519,0x270f,9999
520,0x28710,165648
521,0xd070f,853775
522,0xfffffffffffffffffffffffffffffffebaaedce6af48a03bbfd25e8cd0351589,115792089237316195423570985008687907852837564279074904382605163141518161417609
523,0x62718,403224
524,0x96720,616224
525,0x8723,34595
526,0xfffffffffffffffffffffffffffffffebaaedce6af48a03bbfd25e8cd035d59e,115792089237316195423570985008687907852837564279074904382605163141518161466782
527,0x4730,18224
528,0xfffffffffffffffffffffffffffffffebaaedce6af48a03bbfd25e8cd02e95a9,115792089237316195423570985008687907852837564279074904382605163141518160991657
529,0x738,1848
530,0xfffffffffffffffffffffffffffffffebaaedce6af48a03bbfd25e8cd03475b1,115792089237316195423570985008687907852837564279074904382605163141518161376689
531,0xfffffffffffffffffffffffffffffffebaaedce6af48a03bbfd25e8cd03375b2,115792089237316195423570985008687907852837564279074904382605163141518161311154
532,0xfffffffffffffffffffffffffffffffebaaedce6af48a03bbfd25e8cd030d5b2,115792089237316195423570985008687907852837564279074904382605163141518161139122
533,0x2a740,173888
534,0x5e743,386883
535,0xfffffffffffffffffffffffffffffffebaaedce6af48a03bbfd25e8cd035b5b9,115792089237316195423570985008687907852837564279074904382605163141518161458617
536,0xfffffffffffffffffffffffffffffffebaaedce6af48a03bbfd25e8cd032b5be,115792089237316195423570985008687907852837564279074904382605163141518161262014
537,0xfffffffffffffffffffffffffffffffebaaedce6af48a03bbfd25e8cd02415c1,115792089237316195423570985008687907852837564279074904382605163141518160303553
538,0xfffffffffffffffffffffffffffffffebaaedce6af48a03bbfd25e8cd03135c1,115792089237316195423570985008687907852837564279074904382605163141518161163713
539,0xfffffffffffffffffffffffffffffffebaaedce6af48a03bbfd25e8cd03635c1,115792089237316195423570985008687907852837564279074904382605163141518161491393
540,0xfffffffffffffffffffffffffffffffebaaedce6af48a03bbfd25e8cd02055c1,115792089237316195423570985008687907852837564279074904382605163141518160057793
541,0xfffffffffffffffffffffffffffffffebaaedce6af48a03bbfd25e8cd035f5c9,115792089237316195423570985008687907852837564279074904382605163141518161475017
542,0x82758,534360
543,0xa760,42848
544,0x7c763,509795
545,0x12768,75624
546,0xfffffffffffffffffffffffffffffffebaaedce6af48a03bbfd25e8cd03635de,115792089237316195423570985008687907852837564279074904382605163141518161491422
547,0xfffffffffffffffffffffffffffffffebaaedce6af48a03bbfd25e8cd034d5e1,115792089237316195423570985008687907852837564279074904382605163141518161401313
548,0x22780,141184
549,0x90780,591744
550,0x234780,2312064
551,0xc783,51075
552,0xfffffffffffffffffffffffffffffffebaaedce6af48a03bbfd25e8cd03435fe,115792089237316195423570985008687907852837564279074904382605163141518161360382
553,0xfffffffffffffffffffffffffffffffebaaedce6af48a03bbfd25e8cd0291601,115792089237316195423570985008687907852837564279074904382605163141518160631297
554,0x78f,1935
555,0xb2790,731024
556,0xea78f,960399
557,0xfffffffffffffffffffffffffffffffebaaedce6af48a03bbfd25e8cd0341611,115792089237316195423570985008687907852837564279074904382605163141518161352209
558,0x587a3,362403
559,0xfffffffffffffffffffffffffffffffebaaedce6af48a03bbfd25e8cd030f619,115792089237316195423570985008687907852837564279074904382605163141518161147417
560,0x267a8,157608
561,0xfffffffffffffffffffffffffffffffebaaedce6af48a03bbfd25e8cd031161e,115792089237316195423570985008687907852837564279074904382605163141518161155614
562,0xfffffffffffffffffffffffffffffffebaaedce6af48a03bbfd25e8cd02ccd01,115792089237316195423570985008687907852837564279074904382605163141518160874753
563,0xfffffffffffffffffffffffffffffffebaaedce6af48a03bbfd25e8cd0361631,115792089237316195423570985008687907852837564279074904382605163141518161483313
564,0xfffffffffffffffffffffffffffffffebaaedce6af48a03bbfd25e8cd0357632,115792089237316195423570985008687907852837564279074904382605163141518161442354
565,0xfffffffffffffffffffffffffffffffebaaedce6af48a03bbfd25e8cd02c9632,115792089237316195423570985008687907852837564279074904382605163141518160860722
566,0x387c0,231360
567,0xda7c3,894915
568,0xfffffffffffffffffffffffffffffffebaaedce6af48a03bbfd25e8cd02a1639,115792089237316195423570985008687907852837564279074904382605163141518160696889
569,0x67c8,26568
570,0xfffffffffffffffffffffffffffffffebaaedce6af48a03bbfd25e8cd034b63e,115792089237316195423570985008687907852837564279074904382605163141518161393214
571,0x4e7d0,321488
572,0xfffffffffffffffffffffffffffffffebaaedce6af48a03bbfd25e8cd0363649,115792089237316195423570985008687907852837564279074904382605163141518161491529
573,0x27d8,10200
574,0xba7e3,763875
575,0x1fffff,2097151
576,0x7e8,2024
577,0xfffffffffffffffffffffffffffffffebaaedce6af48a03bbfd25e8cd02e365e,115792089237316195423570985008687907852837564279074904382605163141518160967262
578,0xfffffffffffffffffffffffffffffffebaaedce6af48a03bbfd25e8cd0271669,115792089237316195423570985008687907852837564279074904382605163141518160500329
579,0x8ffff,589823
580,0xffff,65535
581,0xfffffffffffffffffffffffffffffffebaaedce6af48a03bbfd25e8cd02b7671,115792089237316195423570985008687907852837564279074904382605163141518160787057
582,0x7ff,2047
583,0x800,2048
584,0x17fe801,25159681
585,0x40803,264195
586,0xfffffffffffffffffffffffffffffffebaaedce6af48a03bbfd25e8cd034f679,115792089237316195423570985008687907852837564279074904382605163141518161409657
587,0xfffffffffffffffffffffffffffffffebaaedce6af48a03bbfd25e8cd033d67e,115792089237316195423570985008687907852837564279074904382605163141518161335934
588,0xfffffffffffffffffffffffffffffffebaaedce6af48a03bbfd25e8cd02ad681,115792089237316195423570985008687907852837564279074904382605163141518160746113
589,0x1080f,67599
590,0x8e80f,583695
591,0xfffffffffffffffffffffffffffffffebaaedce6af48a03bbfd25e8cd02f9689,115792089237316195423570985008687907852837564279074904382605163141518161057417
592,0x3e823,256035
593,0xfffffffffffffffffffffffffffffffebaaedce6af48a03bbfd25e8cd031d69e,115792089237316195423570985008687907852837564279074904382605163141518161204894
594,0xfffffffffffffffffffffffffffffffebaaedce6af48a03bbfd25e8cd03596a1,115792089237316195423570985008687907852837564279074904382605163141518161450657
595,0xfffffffffffffffffffffffffffffffebaaedce6af48a03bbfd25e8cd02856a9,115792089237316195423570985008687907852837564279074904382605163141518160582313
596,0x2c838,182328
597,0xfffffffffffffffffffffffffffffffebaaedce6af48a03bbfd25e8cd03196b1,115792089237316195423570985008687907852837564279074904382605163141518161188529
598,0xfffffffffffffffffffffffffffffffebaaedce6af48a03bbfd25e8cd027d6b2,115792089237316195423570985008687907852837564279074904382605163141518160549554
599,0xc083f,788543
600,0x2283f,141375
601,0xfffffffffffffffffffffffffffffffebaaedce6af48a03bbfd25e8cd03636b2,115792089237316195423570985008687907852837564279074904382605163141518161491634
602,0x483f,18495
603,0x843,2115
604,0x6683f,419903
605,0x48840,297024
606,0xfffffffffffffffffffffffffffffffebaaedce6af48a03bbfd25e8cd03396be,115792089237316195423570985008687907852837564279074904382605163141518161319614
607,0xfffffffffffffffffffffffffffffffebaaedce6af48a03bbfd25e8cd02eb6c1,115792089237316195423570985008687907852837564279074904382605163141518161000129
608,0xfffffffffffffffffffffffffffffffebaaedce6af48a03bbfd25e8cd03556c9,115792089237316195423570985008687907852837564279074904382605163141518161434313
609,0xd4858,870488
610,0x42863,272483
611,0x20868,133224
612,0xfffffffffffffffffffffffffffffffebaaedce6af48a03bbfd25e8cd035f6de,115792089237316195423570985008687907852837564279074904382605163141518161475294
613,0xfffffffffffffffffffffffffffffffebaaedce6af48a03bbfd25e8cd035d6e9,115792089237316195423570985008687907852837564279074904382605163141518161467113
614,0xfffffffffffffffffffffffffffffffebaaedce6af48a03bbfd25e8cd02d76f1,115792089237316195423570985008687907852837564279074904382605163141518160918257
615,0xe0880,919680
616,0x14883,84099
617,0x18888,100488
618,0xfffffffffffffffffffffffffffffffebaaedce6af48a03bbfd25e8cd028b6fe,115792089237316195423570985008687907852837564279074904382605163141518160606974
619,0xfffffffffffffffffffffffffffffffebaaedce6af48a03bbfd25e8cd02c7701,115792089237316195423570985008687907852837564279074904382605163141518160852737
620,0xfffffffffffffffffffffffffffffffebaaedce6af48a03bbfd25e8cd0361702,115792089237316195423570985008687907852837564279074904382605163141518161483522
621,0xe88f,59535
622,0xfffffffffffffffffffffffffffffffebaaedce6af48a03bbfd25e8cd033b702,115792089237316195423570985008687907852837564279074904382605163141518161327874
623,0xfffffffffffffffffffffffffffffffebaaedce6af48a03bbfd25e8cd0307702,115792089237316195423570985008687907852837564279074904382605163141518161114882
624,0x9488f,608399
625,0xfffffffffffffffffffffffffffffffebaaedce6af48a03bbfd25e8cd0295702,115792089237316195423570985008687907852837564279074904382605163141518160647938
626,0x8898,34968
627,0xfffffffffffffffffffffffffffffffebaaedce6af48a03bbfd25e8cd0344141,115792089237316195423570985008687907852837564279074904382605163141518161363265
628,0xfffffffffffffffffffffffffffffffebaaedce6af48a03bbfd25e8cd02d1711,115792089237316195423570985008687907852837564279074904382605163141518160893713
629,0x8a0,2208
630,0x28a3,10403
631,0xfffffffffffffffffffffffffffffffebaaedce6af48a03bbfd25e8cd0363719,115792089237316195423570985008687907852837564279074904382605163141518161491737
632,0xfffffffffffffffffffffffffffffffebaaedce6af48a03bbfd25e8cd029d71e,115792089237316195423570985008687907852837564279074904382605163141518160680734
633,0xfffffffffffffffffffffffffffffffebaaedce6af48a03bbfd25e8cd02a7721,115792089237316195423570985008687907852837564279074904382605163141518160721697
634,0x328b0,207024
635,0xfffffffffffffffffffffffffffffffebaaedce6af48a03bbfd25e8cd0353729,115792089237316195423570985008687907852837564279074904382605163141518161426217
636,0xfffffffffffffffffffffffffffffffebaaedce6af48a03bbfd25e8cd035b732,115792089237316195423570985008687907852837564279074904382605163141518161458994
637,0xfffffffffffffffffffffffffffffffebaaedce6af48a03bbfd25e8cd02b9732,115792089237316195423570985008687907852837564279074904382605163141518160795442
638,0x5a8c0,370880
639,0x3c8c3,248003
640,0xfffffffffffffffffffffffffffffffebaaedce6af48a03bbfd25e8cd02ff73e,115792089237316195423570985008687907852837564279074904382605163141518161082174
641,0xfffffffffffffffffffffffffffffffebaaedce6af48a03bbfd25e8cd0335749,115792089237316195423570985008687907852837564279074904382605163141518161303369
642,0xfffffffffffffffffffffffffffffffebaaedce6af48a03bbfd25e8cd02b62b2,115792089237316195423570985008687907852837564279074904382605163141518160782002
643,0xfffffffffffffffffffffffffffffffebaaedce6af48a03bbfd25e8cd032d751,115792089237316195423570985008687907852837564279074904382605163141518161270609
644,0x1c8e3,116963
645,0x728e8,469224
646,0xfffffffffffffffffffffffffffffffebaaedce6af48a03bbfd25e8cd032975e,115792089237316195423570985008687907852837564279074904382605163141518161254238
647,0xfffffffffffffffffffffffffffffffebaaedce6af48a03bbfd25e8cd0299761,115792089237316195423570985008687907852837564279074904382605163141518160664417
648,0x708f0,461040
649,0xfffffffffffffffffffffffffffffffebaaedce6af48a03bbfd25e8cd02f7769,115792089237316195423570985008687907852837564279074904382605163141518161049449
650,0xa48f8,674040
651,0xe88ff,952575
652,0x168ff,92415
653,0xa8ff,43263
654,0x8ff,2303
655,0x30903,198915
656,0x4c8ff,313599
657,0xa28ff,665855
658,0x348ff,215295
659,0x7e8ff,518399
660,0x24908,149768
661,0xfffffffffffffffffffffffffffffffebaaedce6af48a03bbfd25e8cd036377e,115792089237316195423570985008687907852837564279074904382605163141518161491838
662,0xfffffffffffffffffffffffffffffffebaaedce6af48a03bbfd25e8cd02df781,115792089237316195423570985008687907852837564279074904382605163141518160951169
663,0x690f,26895
664,0xb490f,739599
665,0xfffffffffffffffffffffffffffffffebaaedce6af48a03bbfd25e8cd02ed791,115792089237316195423570985008687907852837564279074904382605163141518161008529
666,0xa6923,682275
667,0x74928,477480
668,0xfffffffffffffffffffffffffffffffebaaedce6af48a03bbfd25e8cd02c579e,115792089237316195423570985008687907852837564279074904382605163141518160844702
669,0xa0938,657720
670,0xfffffffffffffffffffffffffffffffebaaedce6af48a03bbfd25e8cd03517b2,115792089237316195423570985008687907852837564279074904382605163141518161418162
671,0xfffffffffffffffffffffffffffffffebaaedce6af48a03bbfd25e8cd02db7b2,115792089237316195423570985008687907852837564279074904382605163141518160934834
672,0x6e940,452928
673,0x44943,280899
674,0xc948,51528
675,0xfffffffffffffffffffffffffffffffebaaedce6af48a03bbfd25e8cd03457be,115792089237316195423570985008687907852837564279074904382605163141518161369022
676,0xfffffffffffffffffffffffffffffffebaaedce6af48a03bbfd25e8cd02b77c1,115792089237316195423570985008687907852837564279074904382605163141518160787393
677,0xfffffffffffffffffffffffffffffffebaaedce6af48a03bbfd25e8cd01637c1,115792089237316195423570985008687907852837564279074904382605163141518159394753
678,0xfffffffffffffffffffffffffffffffebaaedce6af48a03bbfd25e8cd02bb7c1,115792089237316195423570985008687907852837564279074904382605163141518160803777
679,0x4950,18768
680,0xfffffffffffffffffffffffffffffffebaaedce6af48a03bbfd25e8cd034d7c1,115792089237316195423570985008687907852837564279074904382605163141518161401793
681,0xfffffffffffffffffffffffffffffffebaaedce6af48a03bbfd25e8cd03037c9,115792089237316195423570985008687907852837564279074904382605163141518161098697
682,0xfffffffffffffffffffffffffffffffebaaedce6af48a03bbfd25e8cd03617d1,115792089237316195423570985008687907852837564279074904382605163141518161483729
683,0x960,2400
684,0x1a963,108899
685,0xfffffffffffffffffffffffffffffffebaaedce6af48a03bbfd25e8cd03497de,115792089237316195423570985008687907852837564279074904382605163141518161385438
686,0xfffffffffffffffffffffffffffffffebaaedce6af48a03bbfd25e8cd03637e1,115792089237316195423570985008687907852837564279074904382605163141518161491937
687,0x2970,10608
688,0x60978,395640
689,0xfffffffffffffffffffffffffffffffebaaedce6af48a03bbfd25e8cd035f7f1,115792089237316195423570985008687907852837564279074904382605163141518161475569
690,0x16980,92544
691,0xa8980,690560
692,0xac980,706944
693,0x1e983,125315
694,0x200980,2099584
695,0xfffffffffffffffffffffffffffffffebaaedce6af48a03bbfd25e8cd03577f9,115792089237316195423570985008687907852837564279074904382605163141518161442809
696,0xfffffffffffffffffffffffffffffffebaaedce6af48a03bbfd25e8cd031f7fe,115792089237316195423570985008687907852837564279074904382605163141518161213438
697,0xfffffffffffffffffffffffffffffffebaaedce6af48a03bbfd25e8cd02f5801,115792089237316195423570985008687907852837564279074904382605163141518161041409
698,0x1298f,76175
699,0x8898f,559503
700,0xfffffffffffffffffffffffffffffffebaaedce6af48a03bbfd25e8cd02c3809,115792089237316195423570985008687907852837564279074904382605163141518160836617
701,0x9e9a3,649635
702,0xfffffffffffffffffffffffffffffffebaaedce6af48a03bbfd25e8cd02ef819,115792089237316195423570985008687907852837564279074904382605163141518161016857
703,0xfffffffffffffffffffffffffffffffebaaedce6af48a03bbfd25e8cd02bd81e,115792089237316195423570985008687907852837564279074904382605163141518160812062
704,0x769b0,485808
705,0xfffffffffffffffffffffffffffffffebaaedce6af48a03bbfd25e8cd035d832,115792089237316195423570985008687907852837564279074904382605163141518161467442
706,0xfffffffffffffffffffffffffffffffebaaedce6af48a03bbfd25e8cd02af832,115792089237316195423570985008687907852837564279074904382605163141518160754738
707,0x849c0,543168
708,0x9c3,2499
709,0xfffffffffffffffffffffffffffffffebaaedce6af48a03bbfd25e8cd033f839,115792089237316195423570985008687907852837564279074904382605163141518161344569
710,0xfffffffffffffffffffffffffffffffebaaedce6af48a03bbfd25e8cd033383e,115792089237316195423570985008687907852837564279074904382605163141518161295422
711,0xfffffffffffffffffffffffffffffffebaaedce6af48a03bbfd25e8cd032f842,115792089237316195423570985008687907852837564279074904382605163141518161279042
712,0xfffffffffffffffffffffffffffffffebaaedce6af48a03bbfd25e8cd034d842,115792089237316195423570985008687907852837564279074904382605163141518161401922
713,0xfffffffffffffffffffffffffffffffebaaedce6af48a03bbfd25e8cd02c1842,115792089237316195423570985008687907852837564279074904382605163141518160828482
714,0xfffffffffffffffffffffffffffffffebaaedce6af48a03bbfd25e8cd0363842,115792089237316195423570985008687907852837564279074904382605163141518161492034
715,0xfffffffffffffffffffffffffffffffebaaedce6af48a03bbfd25e8cd02e5842,115792089237316195423570985008687907852837564279074904382605163141518160975938
716,0xfffffffffffffffffffffffffffffffebaaedce6af48a03bbfd25e8cd0317842,115792089237316195423570985008687907852837564279074904382605163141518161180738
717,0xfffffffffffffffffffffffffffffffebaaedce6af48a03bbfd25e8cd0359842,115792089237316195423570985008687907852837564279074904382605163141518161451074
718,0xfffffffffffffffffffffffffffffffebaaedce6af48a03bbfd25e8cd02bf849,115792089237316195423570985008687907852837564279074904382605163141518160820297
719,0xfffffffffffffffffffffffffffffffebaaedce6af48a03bbfd25e8cd027b842,115792089237316195423570985008687907852837564279074904382605163141518160541762
720,0x6c9d8,444888
721,0xfffffffffffffffffffffffffffffffebaaedce6af48a03bbfd25e8cd02f3851,115792089237316195423570985008687907852837564279074904382605163141518161033297
722,0xca9e0,829920
723,0x3a9e3,240099
724,0xfffffffffffffffffffffffffffffffebaaedce6af48a03bbfd25e8cd02f1859,115792089237316195423570985008687907852837564279074904382605163141518161025113
725,0xfffffffffffffffffffffffffffffffebaaedce6af48a03bbfd25e8cd034785e,115792089237316195423570985008687907852837564279074904382605163141518161377374
726,0x369f0,223728
727,0x2e9f8,190968
728,0x64a03,412163
729,0xfffffffffffffffffffffffffffffffebaaedce6af48a03bbfd25e8cd032787e,115792089237316195423570985008687907852837564279074904382605163141518161246334
730,0xfffffffffffffffffffffffffffffffebaaedce6af48a03bbfd25e8cd0309881,115792089237316195423570985008687907852837564279074904382605163141518161123457
731,0x8a0f,35343
732,0xaaa0f,698895
733,0x10a18,68120
734,0xfffffffffffffffffffffffffffffffebaaedce6af48a03bbfd25e8cd0331891,115792089237316195423570985008687907852837564279074904382605163141518161287313
735,0xbca20,772640
736,0xc6a23,813603
737,0xa28,2600
738,0xfffffffffffffffffffffffffffffffebaaedce6af48a03bbfd25e8cd036189e,115792089237316195423570985008687907852837564279074904382605163141518161483934
739,0xfffffffffffffffffffffffffffffffebaaedce6af48a03bbfd25e8cd03638a1,115792089237316195423570985008687907852837564279074904382605163141518161492129
740,0x92a30,600624
741,0xfffffffffffffffffffffffffffffffebaaedce6af48a03bbfd25e8cd035b8a9,115792089237316195423570985008687907852837564279074904382605163141518161459369
742,0xfffffffffffffffffffffffffffffffebaaedce6af48a03bbfd25e8cd03558b2,115792089237316195423570985008687907852837564279074904382605163141518161434802
743,0xcea3f,846399
744,0x5ca3f,379455
745,0x2a3f,10815
746,0x28a3f,166463
747,0x9ca40,641600
748,0xd8a43,887363
749,0xfffffffffffffffffffffffffffffffebaaedce6af48a03bbfd25e8cd034b8b9,115792089237316195423570985008687907852837564279074904382605163141518161393849
750,0xfffffffffffffffffffffffffffffffebaaedce6af48a03bbfd25e8cd02cf8b2,115792089237316195423570985008687907852837564279074904382605163141518160885938
751,0xfffffffffffffffffffffffffffffffebaaedce6af48a03bbfd25e8cd034f8be,115792089237316195423570985008687907852837564279074904382605163141518161410238
752,0xfffffffffffffffffffffffffffffffebaaedce6af48a03bbfd25e8cd02838c1,115792089237316195423570985008687907852837564279074904382605163141518160574657
753,0x8ca50,576080
754,0x6a58,27224
755,0x4a63,19043
756,0xfffffffffffffffffffffffffffffffebaaedce6af48a03bbfd25e8cd03438d9,115792089237316195423570985008687907852837564279074904382605163141518161361113
757,0xfffffffffffffffffffffffffffffffebaaedce6af48a03bbfd25e8cd03218de,115792089237316195423570985008687907852837564279074904382605163141518161221854
758,0xfffffffffffffffffffffffffffffffebaaedce6af48a03bbfd25e8cd028f8e9,115792089237316195423570985008687907852837564279074904382605163141518160623849
759,0xea78,60024
760,0x78a80,494208
761,0x2aa83,174723
762,0xfffffffffffffffffffffffffffffffebaaedce6af48a03bbfd25e8cd03638fe,115792089237316195423570985008687907852837564279074904382605163141518161492222
763,0xfffffffffffffffffffffffffffffffebaaedce6af48a03bbfd25e8cd031b901,115792089237316195423570985008687907852837564279074904382605163141518161197313
764,0xfffffffffffffffffffffffffffffffebaaedce6af48a03bbfd25e8cd02fd902,115792089237316195423570985008687907852837564279074904382605163141518161074434
765,0xe6a8f,944783
766,0x4aa90,305808
767,0xfffffffffffffffffffffffffffffffebaaedce6af48a03bbfd25e8cd035f902,115792089237316195423570985008687907852837564279074904382605163141518161475842
768,0xa8f,2703
769,0xfffffffffffffffffffffffffffffffebaaedce6af48a03bbfd25e8cd0341902,115792089237316195423570985008687907852837564279074904382605163141518161352962
770,0xfffffffffffffffffffffffffffffffebaaedce6af48a03bbfd25e8cd02a3902,115792089237316195423570985008687907852837564279074904382605163141518160705794
771,0xfffffffffffffffffffffffffffffffebaaedce6af48a03bbfd25e8cd0337909,115792089237316195423570985008687907852837564279074904382605163141518161312009
772,0xdea98,912024
773,0xaaa0,43680
774,0x46aa3,289443
775,0xfffffffffffffffffffffffffffffffebaaedce6af48a03bbfd25e8cd032591e,115792089237316195423570985008687907852837564279074904382605163141518161238302
776,0x6aab8,436920
777,0xfffffffffffffffffffffffffffffffebaaedce6af48a03bbfd25e8cd0353932,115792089237316195423570985008687907852837564279074904382605163141518161426738
778,0xfffffffffffffffffffffffffffffffebaaedce6af48a03bbfd25e8cd02d5932,115792089237316195423570985008687907852837564279074904382605163141518160910642
779,0xb6ac0,748224
780,0x26ac3,158403
781,0x14ac8,84680
782,0xfffffffffffffffffffffffffffffffebaaedce6af48a03bbfd25e8cd032393e,115792089237316195423570985008687907852837564279074904382605163141518161230142
783,0xfffffffffffffffffffffffffffffffebaaedce6af48a03bbfd25e8cceb65940,115792089237316195423570985008687907852837564279074904382605163141518136334656
784,0xfffffffffffffffffffffffffffffffebaaedce6af48a03bbfd25e8cd0363941,115792089237316195423570985008687907852837564279074904382605163141518161492289
785,0xfffffffffffffffffffffffffffffffebaaedce6af48a03bbfd25e8cd0363942,115792089237316195423570985008687907852837564279074904382605163141518161492290
786,0xacad0,707280
787,0xf2ad8,994008
788,0x80ae3,527075
789,0xfffffffffffffffffffffffffffffffebaaedce6af48a03bbfd25e8cd0363959,115792089237316195423570985008687907852837564279074904382605163141518161492313
790,0xfffffffffffffffffffffffffffffffebaaedce6af48a03bbfd25e8cd02a995e,115792089237316195423570985008687907852837564279074904382605163141518160730462
791,0xfffffffffffffffffffffffffffffffebaaedce6af48a03bbfd25e8cd0361969,115792089237316195423570985008687907852837564279074904382605163141518161484137
792,0xaf8,2808
793,0xfffffffffffffffffffffffffffffffebaaedce6af48a03bbfd25e8cd0315971,115792089237316195423570985008687907852837564279074904382605163141518161172849
794,0x18b03,101123
795,0xfffffffffffffffffffffffffffffffebaaedce6af48a03bbfd25e8cd035d979,115792089237316195423570985008687907852837564279074904382605163141518161467769
796,0xc2b08,797448
797,0xfffffffffffffffffffffffffffffffebaaedce6af48a03bbfd25e8cd028997e,115792089237316195423570985008687907852837564279074904382605163141518160599422
798,0xfffffffffffffffffffffffffffffffebaaedce6af48a03bbfd25e8cd032b981,115792089237316195423570985008687907852837564279074904382605163141518161262977
799,0xcb0f,51983
800,0x2b10,11024
801,0x9ab0f,633615
802,0x52b23,338723
803,0xfffffffffffffffffffffffffffffffebaaedce6af48a03bbfd25e8cd033d999,115792089237316195423570985008687907852837564279074904382605163141518161336729
804,0x54b28,346920
805,0xfffffffffffffffffffffffffffffffebaaedce6af48a03bbfd25e8cd030b99e,115792089237316195423570985008687907852837564279074904382605163141518161131934
806,0x22b30,142128
807,0xfffffffffffffffffffffffffffffffebaaedce6af48a03bbfd25e8cd02b19b1,115792089237316195423570985008687907852837564279074904382605163141518160763313
808,0xfffffffffffffffffffffffffffffffebaaedce6af48a03bbfd25e8cd03639b2,115792089237316195423570985008687907852837564279074904382605163141518161492402
809,0xfffffffffffffffffffffffffffffffebaaedce6af48a03bbfd25e8cd02799b2,115792089237316195423570985008687907852837564279074904382605163141518160533938
810,0xd2b40,863040
811,0x20b43,133955
812,0xfffffffffffffffffffffffffffffffebaaedce6af48a03bbfd25e8cd03579be,115792089237316195423570985008687907852837564279074904382605163141518161443262
813,0xfffffffffffffffffffffffffffffffebaaedce6af48a03bbfd25e8cd03419c1,115792089237316195423570985008687907852837564279074904382605163141518161353153
814,0xfffffffffffffffffffffffffffffffebaaedce6af48a03bbfd25e8cd02d39c1,115792089237316195423570985008687907852837564279074904382605163141518160902593
815,0xfffffffffffffffffffffffffffffffebaaedce6af48a03bbfd25e8cd012f9c1,115792089237316195423570985008687907852837564279074904382605163141518159182273
816,0x16b60,93024
817,0xb63,2915
818,0xfffffffffffffffffffffffffffffffebaaedce6af48a03bbfd25e8cd03519d9,115792089237316195423570985008687907852837564279074904382605163141518161418713
819,0xfffffffffffffffffffffffffffffffebaaedce6af48a03bbfd25e8cd02e79de,115792089237316195423570985008687907852837564279074904382605163141518160984542
820,0xfffffffffffffffffffffffffffffffebaaedce6af48a03bbfd25e8cd03599e1,115792089237316195423570985008687907852837564279074904382605163141518161451489
821,0xfffffffffffffffffffffffffffffffebaaedce6af48a03bbfd25e8cd02e19e9,115792089237316195423570985008687907852837564279074904382605163141518160959977
822,0x4b78,19320
823,0xb80,2944
824,0x50b80,330624
825,0x122b80,1190784
826,0x15eb80,1436544
827,0x38b83,232323
828,0x8b88,35720
829,0xfffffffffffffffffffffffffffffffebaaedce6af48a03bbfd25e8cd03059fe,115792089237316195423570985008687907852837564279074904382605163141518161107454
830,0xfffffffffffffffffffffffffffffffebaaedce6af48a03bbfd25e8cd0339a01,115792089237316195423570985008687907852837564279074904382605163141518161320449
831,0x2cb8f,183183
832,0x1cb90,117648
833,0x56b8f,355215
834,0xfffffffffffffffffffffffffffffffebaaedce6af48a03bbfd25e8cd0363a09,115792089237316195423570985008687907852837564279074904382605163141518161492489
835,0x7ab98,502680
836,0xfffffffffffffffffffffffffffffffebaaedce6af48a03bbfd25e8cd035fa11,115792089237316195423570985008687907852837564279074904382605163141518161476113
837,0x6ba3,27555
838,0xfffffffffffffffffffffffffffffffebaaedce6af48a03bbfd25e8cd035ba1e,115792089237316195423570985008687907852837564279074904382605163141518161459742
839,0xfffffffffffffffffffffffffffffffebaaedce6af48a03bbfd25e8cd02cda21,115792089237316195423570985008687907852837564279074904382605163141518160878113
840,0xfffffffffffffffffffffffffffffffebaaedce6af48a03bbfd25e8cd0301a29,115792089237316195423570985008687907852837564279074904382605163141518161091113
841,0x12bb8,76728
842,0xfffffffffffffffffffffffffffffffebaaedce6af48a03bbfd25e8cd033ba31,115792089237316195423570985008687907852837564279074904382605163141518161328689
843,0xfffffffffffffffffffffffffffffffebaaedce6af48a03bbfd25e8cd0361a32,115792089237316195423570985008687907852837564279074904382605163141518161484338
844,0xfffffffffffffffffffffffffffffffebaaedce6af48a03bbfd25e8cd0293a32,115792089237316195423570985008687907852837564279074904382605163141518160640562
845,0xf0bc0,986048
846,0xaebc3,715715
847,0xfffffffffffffffffffffffffffffffebaaedce6af48a03bbfd25e8cd0313a3e,115792089237316195423570985008687907852837564279074904382605163141518161164862
848,0xfffffffffffffffffffffffffffffffebaaedce6af48a03bbfd25e8cd029fa41,115792089237316195423570985008687907852837564279074904382605163141518160689729
849,0xbd0,3024
850,0x68be0,429024
851,0x2be3,11235
852,0xfffffffffffffffffffffffffffffffebaaedce6af48a03bbfd25e8cd030da59,115792089237316195423570985008687907852837564279074904382605163141518161140313
853,0xfffffffffffffffffffffffffffffffebaaedce6af48a03bbfd25e8cd0363a5e,115792089237316195423570985008687907852837564279074904382605163141518161492574
854,0xfffffffffffffffffffffffffffffffebaaedce6af48a03bbfd25e8cd02d9a61,115792089237316195423570985008687907852837564279074904382605163141518160927329
855,0x1abf8,109560
856,0xfffffffffffffffffffffffffffffffebaaedce6af48a03bbfd25e8cd0349a71,115792089237316195423570985008687907852837564279074904382605163141518161386097
857,0x90c03,592899
858,0x40c08,265224
859,0xfffffffffffffffffffffffffffffffebaaedce6af48a03bbfd25e8cd02fba7e,115792089237316195423570985008687907852837564279074904382605163141518161066622
860,0xfffffffffffffffffffffffffffffffebaaedce6af48a03bbfd25e8cd0345a81,115792089237316195423570985008687907852837564279074904382605163141518161369729
861,0x24c0f,150543
862,0x62c0f,404495
863,0x98c10,625680
864,0x3ec18,257048
865,0xf03ff,984063
866,0x5ec20,388128
867,0x10c23,68643
868,0xfffffffffffffffffffffffffffffffebaaedce6af48a03bbfd25e8cd0355a99,115792089237316195423570985008687907852837564279074904382605163141518161435289
869,0xfffffffffffffffffffffffffffffffebaaedce6af48a03bbfd25e8cd02dda9e,115792089237316195423570985008687907852837564279074904382605163141518160943774
870,0xfffffffffffffffffffffffffffffffebaaedce6af48a03bbfd25e8cd034daa1,115792089237316195423570985008687907852837564279074904382605163141518161402529
871,0xfffffffffffffffffffffffffffffffebaaedce6af48a03bbfd25e8cd0311aa9,115792089237316195423570985008687907852837564279074904382605163141518161156777
872,0xfffffffffffffffffffffffffffffffebaaedce6af48a03bbfd25e8cd0363ab1,115792089237316195423570985008687907852837564279074904382605163141518161492657
873,0xfffffffffffffffffffffffffffffffebaaedce6af48a03bbfd25e8cd0335ab2,115792089237316195423570985008687907852837564279074904382605163141518161304242
874,0x4ec3f,322623
875,0xfffffffffffffffffffffffffffffffebaaedce6af48a03bbfd25e8cd030fab2,115792089237316195423570985008687907852837564279074904382605163141518161148594
876,0xc3f,3135
877,0x32c3f,207935
878,0xac43,44099
879,0xe4c3f,937023
880,0xfffffffffffffffffffffffffffffffebaaedce6af48a03bbfd25e8cd0281ab9,115792089237316195423570985008687907852837564279074904382605163141518160566969
881,0x1ec48,126024
882,0xfffffffffffffffffffffffffffffffebaaedce6af48a03bbfd25e8cd035dabe,115792089237316195423570985008687907852837564279074904382605163141518161468094
883,0x58c58,363608
884,0xfffffffffffffffffffffffffffffffebaaedce6af48a03bbfd25e8cd031dad1,115792089237316195423570985008687907852837564279074904382605163141518161205969
885,0xec63,60515
886,0xfffffffffffffffffffffffffffffffebaaedce6af48a03bbfd25e8cd0297ad9,115792089237316195423570985008687907852837564279074904382605163141518160657113
887,0xfffffffffffffffffffffffffffffffebaaedce6af48a03bbfd25e8cd029bade,115792089237316195423570985008687907852837564279074904382605163141518160673502
888,0x86c70,552048
889,0x42c78,273528
890,0x30c80,199808
891,0x48c83,298115
892,0xfffffffffffffffffffffffffffffffebaaedce6af48a03bbfd25e8cd0361af9,115792089237316195423570985008687907852837564279074904382605163141518161484537
893,0xfffffffffffffffffffffffffffffffebaaedce6af48a03bbfd25e8cd02b3afe,115792089237316195423570985008687907852837564279074904382605163141518160771838
894,0xfffffffffffffffffffffffffffffffebaaedce6af48a03bbfd25e8cd034fb01,115792089237316195423570985008687907852837564279074904382605163141518161410817
895,0xfffffffffffffffffffffffffffffffebaaedce6af48a03bbfd25e8cd0277b02,115792089237316195423570985008687907852837564279074904382605163141518160526082
896,0xfffffffffffffffffffffffffffffffebaaedce6af48a03bbfd25e8cd0319b02,115792089237316195423570985008687907852837564279074904382605163141518161189634
897,0xfffffffffffffffffffffffffffffffebaaedce6af48a03bbfd25e8cd0363b02,115792089237316195423570985008687907852837564279074904382605163141518161492738
898,0x4c8f,19599
899,0xbec8f,781455
900,0xfffffffffffffffffffffffffffffffebaaedce6af48a03bbfd25e8cd032db02,115792089237316195423570985008687907852837564279074904382605163141518161271554
901,0xfffffffffffffffffffffffffffffffebaaedce6af48a03bbfd25e8cd0347b09,115792089237316195423570985008687907852837564279074904382605163141518161378057
902,0x34ca0,216224
903,0xb8ca3,756899
904,0x3cca8,249000
905,0xfffffffffffffffffffffffffffffffebaaedce6af48a03bbfd25e8cd035fb1e,115792089237316195423570985008687907852837564279074904382605163141518161476382
906,0xcb0,3248
907,0xfffffffffffffffffffffffffffffffebaaedce6af48a03bbfd25e8cd0056d01,115792089237316195423570985008687907852837564279074904382605163141518158294273
908,0x2cb8,11448
909,0xfffffffffffffffffffffffffffffffebaaedce6af48a03bbfd25e8cd0329b31,115792089237316195423570985008687907852837564279074904382605163141518161255217
910,0xfffffffffffffffffffffffffffffffebaaedce6af48a03bbfd25e8cd034bb32,115792089237316195423570985008687907852837564279074904382605163141518161394482
911,0xfffffffffffffffffffffffffffffffebaaedce6af48a03bbfd25e8cd02e9b32,115792089237316195423570985008687907852837564279074904382605163141518160993074
912,0x8acc3,568515
913,0xfffffffffffffffffffffffffffffffebaaedce6af48a03bbfd25e8cd0353b39,115792089237316195423570985008687907852837564279074904382605163141518161427257
914,0xeecc8,978120
915,0xfffffffffffffffffffffffffffffffebaaedce6af48a03bbfd25e8cd033fb3e,115792089237316195423570985008687907852837564279074904382605163141518161345342
916,0xfffffffffffffffffffffffffffffffebaaedce6af48a03bbfd25e8cd02d3b41,115792089237316195423570985008687907852837564279074904382605163141518160902977
917,0xdccd0,904400
918,0xccd8,52440
919,0xfffffffffffffffffffffffffffffffebaaedce6af48a03bbfd25e8cd0363b51,115792089237316195423570985008687907852837564279074904382605163141518161492817
920,0xd6ce3,879843
921,0xb0ce8,724200
922,0xfffffffffffffffffffffffffffffffebaaedce6af48a03bbfd25e8cd02cbb5e,115792089237316195423570985008687907852837564279074904382605163141518160870238
923,0x6cf0,27888
924,0xfffffffffffffffffffffffffffffffebaaedce6af48a03bbfd25e8cd02abb69,115792089237316195423570985008687907852837564279074904382605163141518160739177
925,0x7ccf8,511224
926,0xfffffffffffffffffffffffffffffffebaaedce6af48a03bbfd25e8cd0363b70,115792089237316195423570985008687907852837564279074904382605163141518161492848
927,0x8d03,36099
928,0xfffffffffffffffffffffffffffffffebaaedce6af48a03bbfd25e8cd0359b7e,115792089237316195423570985008687907852837564279074904382605163141518161451902
929,0xfffffffffffffffffffffffffffffffebaaedce6af48a03bbfd25e8cd0357b81,115792089237316195423570985008687907852837564279074904382605163141518161443713
930,0x14d0f,85263
931,0x82d0f,535823
932,0xfffffffffffffffffffffffffffffffebaaedce6af48a03bbfd25e8cd035bb91,115792089237316195423570985008687907852837564279074904382605163141518161460113
933,0xd23,3363
934,0xfffffffffffffffffffffffffffffffebaaedce6af48a03bbfd25e8cd02a5b99,115792089237316195423570985008687907852837564279074904382605163141518160714649
935,0xfffffffffffffffffffffffffffffffebaaedce6af48a03bbfd25e8cd0363b9e,115792089237316195423570985008687907852837564279074904382605163141518161492894
936,0xfffffffffffffffffffffffffffffffebaaedce6af48a03bbfd25e8cd028dbb1,115792089237316195423570985008687907852837564279074904382605163141518160616369
937,0xfffffffffffffffffffffffffffffffebaaedce6af48a03bbfd25e8cd0343bb2,115792089237316195423570985008687907852837564279074904382605163141518161361842
938,0xfffffffffffffffffffffffffffffffebaaedce6af48a03bbfd25e8cd02f9bb2,115792089237316195423570985008687907852837564279074904382605163141518161058738
939,0x17ed40,1568064
940,0x70d40,462144
941,0x2d40,11584
942,0x34d40,216384
943,0x278d40,2592064
944,0xfffffffffffffffffffffffffffffffebaaedce6af48a03bbfd25e8cd0333bb9,115792089237316195423570985008687907852837564279074904382605163141518161296313
945,0x106d40,1076544
946,0x96d43,617795
947,0xfffffffffffffffffffffffffffffffebaaedce6af48a03bbfd25e8cd0361bbe,115792089237316195423570985008687907852837564279074904382605163141518161484734
948,0xfffffffffffffffffffffffffffffffebaaedce6af48a03bbfd25e8cd035dbc1,115792089237316195423570985008687907852837564279074904382605163141518161468353
949,0xfffffffffffffffffffffffffffffffebaaedce6af48a03bbfd25e8cd0277bc1,115792089237316195423570985008687907852837564279074904382605163141518160526273
950,0xfffffffffffffffffffffffffffffffebaaedce6af48a03bbfd25e8cd01c3bc1,115792089237316195423570985008687907852837564279074904382605163141518159788993
951,0x66d50,421200
952,0xfffffffffffffffffffffffffffffffebaaedce6af48a03bbfd25e8cd0307bd1,115792089237316195423570985008687907852837564279074904382605163141518161116113
953,0x4cd60,314720
954,0x2ed63,191843
955,0x44d68,281960
956,0xfffffffffffffffffffffffffffffffebaaedce6af48a03bbfd25e8cd0287bde,115792089237316195423570985008687907852837564279074904382605163141518160591838
957,0xfffffffffffffffffffffffffffffffebaaedce6af48a03bbfd25e8cd032fbe1,115792089237316195423570985008687907852837564279074904382605163141518161279969
958,0x28d70,167280
959,0xfffffffffffffffffffffffffffffffebaaedce6af48a03bbfd25e8cd0363be9,115792089237316195423570985008687907852837564279074904382605163141518161492969
960,0xc8d78,822648
961,0xfffffffffffffffffffffffffffffffebaaedce6af48a03bbfd25e8cd0341bf1,115792089237316195423570985008687907852837564279074904382605163141518161353713
962,0x30d80,200064
963,0x76d80,486784
964,0x26ad80,2534784
965,0x5ad83,372099
966,0x18d80,101760
967,0xfffffffffffffffffffffffffffffffebaaedce6af48a03bbfd25e8cd0351bfe,115792089237316195423570985008687907852837564279074904382605163141518161419262
968,0xfffffffffffffffffffffffffffffffebaaedce6af48a03bbfd25e8cd0309c01,115792089237316195423570985008687907852837564279074904382605163141518161124353
969,0xfffffffffffffffffffffffffffffffebaaedce6af48a03bbfd25e8cd031dc01,115792089237316195423570985008687907852837564279074904382605163141518161206273
970,0xccd8f,839055
971,0xfffffffffffffffffffffffffffffffebaaedce6af48a03bbfd25e8cd035dc01,115792089237316195423570985008687907852837564279074904382605163141518161468417
972,0x2d8f,11663
973,0xfffffffffffffffffffffffffffffffebaaedce6af48a03bbfd25e8cd0237c01,115792089237316195423570985008687907852837564279074904382605163141518160264193
974,0xfffffffffffffffffffffffffffffffebaaedce6af48a03bbfd25e8cd020fc01,115792089237316195423570985008687907852837564279074904382605163141518160100353
975,0xfffffffffffffffffffffffffffffffebaaedce6af48a03bbfd25e8cd00b1c01,115792089237316195423570985008687907852837564279074904382605163141518158666753
976,0xfffffffffffffffffffffffffffffffebaaedce6af48a03bbfd25e8cd0075c01,115792089237316195423570985008687907852837564279074904382605163141518158420993
977,0xfffffffffffffffffffffffffffffffebaaedce6af48a03bbfd25e8cd02e3c09,115792089237316195423570985008687907852837564279074904382605163141518160968713
978,0xd98,3480
979,0x36da3,224675
980,0xfffffffffffffffffffffffffffffffebaaedce6af48a03bbfd25e8cd02b5c19,115792089237316195423570985008687907852837564279074904382605163141518160780313
981,0x4da8,19880
982,0xfffffffffffffffffffffffffffffffebaaedce6af48a03bbfd25e8cd0331c1e,115792089237316195423570985008687907852837564279074904382605163141518161288222
983,0xfffffffffffffffffffffffffffffffebaaedce6af48a03bbfd25e8cd031fc21,115792089237316195423570985008687907852837564279074904382605163141518161214497
984,0xfffffffffffffffffffffffffffffffebaaedce6af48a03bbfd25e8cd035fc29,115792089237316195423570985008687907852837564279074904382605163141518161476649
985,0x3adb8,241080
986,0xfffffffffffffffffffffffffffffffebaaedce6af48a03bbfd25e8cd0363c32,115792089237316195423570985008687907852837564279074904382605163141518161493042
987,0xfffffffffffffffffffffffffffffffebaaedce6af48a03bbfd25e8cd0275c32,115792089237316195423570985008687907852837564279074904382605163141518160518194
988,0x16dc3,93635
989,0x2adc8,175560
990,0xfffffffffffffffffffffffffffffffebaaedce6af48a03bbfd25e8cd02ebc3e,115792089237316195423570985008687907852837564279074904382605163141518161001534
991,0xfffffffffffffffffffffffffffffffebaaedce6af48a03bbfd25e8cd02ffc41,115792089237316195423570985008687907852837564279074904382605163141518161083457
992,0x26de0,159200
993,0x12de3,77283
994,0xade8,44520
995,0xfffffffffffffffffffffffffffffffebaaedce6af48a03bbfd25e8cd0337c5e,115792089237316195423570985008687907852837564279074904382605163141518161312862
996,0xfffffffffffffffffffffffffffffffebaaedce6af48a03bbfd25e8cd0327c61,115792089237316195423570985008687907852837564279074904382605163141518161247329
997,0xecdf0,970224
998,0xfffffffffffffffffffffffffffffffebaaedce6af48a03bbfd25e8cd02c9c69,115792089237316195423570985008687907852837564279074904382605163141518160862313
999,0xc4e03,806403
