Index,Offset_Value,Hex,Binary_Length
0,1,0x1,1
1,2,0x2,2
2,4,0x4,3
3,6,0x6,3
4,8,0x8,4
5,9,0x9,4
6,11,0xb,4
7,12,0xc,4
8,14,0xe,4
9,16,0x10,5
10,18,0x12,5
11,19,0x13,5
12,21,0x15,5
13,22,0x16,5
14,24,0x18,5
15,26,0x1a,5
16,28,0x1c,5
17,31,0x1f,5
18,32,0x20,6
19,34,0x22,6
20,36,0x24,6
21,38,0x26,6
22,39,0x27,6
23,41,0x29,6
24,42,0x2a,6
25,44,0x2c,6
26,46,0x2e,6
27,48,0x30,6
28,49,0x31,6
29,51,0x33,6
30,52,0x34,6
31,54,0x36,6
32,56,0x38,6
33,58,0x3a,6
34,61,0x3d,6
35,64,0x40,7
36,66,0x42,7
37,71,0x47,7
38,74,0x4a,7
39,76,0x4c,7
40,78,0x4e,7
41,79,0x4f,7
42,81,0x51,7
43,82,0x52,7
44,84,0x54,7
45,88,0x58,7
46,89,0x59,7
47,91,0x5b,7
48,92,0x5c,7
49,94,0x5e,7
50,96,0x60,7
51,98,0x62,7
52,101,0x65,7
53,102,0x66,7
54,106,0x6a,7
55,109,0x6d,7
56,111,0x6f,7
57,112,0x70,7
58,121,0x79,7
59,124,0x7c,7
60,126,0x7e,7
61,128,0x80,8
62,131,0x83,8
63,132,0x84,8
64,134,0x86,8
65,136,0x88,8
66,141,0x8d,8
67,144,0x90,8
68,146,0x92,8
69,148,0x94,8
70,151,0x97,8
71,152,0x98,8
72,154,0x9a,8
73,156,0x9c,8
74,161,0xa1,8
75,162,0xa2,8
76,166,0xa6,8
77,169,0xa9,8
78,171,0xab,8
79,176,0xb0,8
80,181,0xb5,8
81,182,0xb6,8
82,186,0xba,8
83,189,0xbd,8
84,191,0xbf,8
85,194,0xc2,8
86,196,0xc4,8
87,198,0xc6,8
88,199,0xc7,8
89,201,0xc9,8
90,204,0xcc,8
91,206,0xce,8
92,211,0xd3,8
93,216,0xd8,8
94,218,0xda,8
95,221,0xdd,8
96,226,0xe2,8
97,231,0xe7,8
98,232,0xe8,8
99,238,0xee,8
100,241,0xf1,8
101,246,0xf6,8
102,252,0xfc,8
103,256,0x100,9
104,258,0x102,9
105,259,0x103,9
106,261,0x105,9
107,271,0x10f,9
108,274,0x112,9
109,276,0x114,9
110,281,0x119,9
111,286,0x11e,9
112,288,0x120,9
113,289,0x121,9
114,294,0x126,9
115,296,0x128,9
116,301,0x12d,9
117,302,0x12e,9
118,309,0x135,9
119,316,0x13c,9
120,322,0x142,9
121,324,0x144,9
122,326,0x146,9
123,331,0x14b,9
124,341,0x155,9
125,342,0x156,9
126,344,0x158,9
127,349,0x15d,9
128,351,0x15f,9
129,358,0x166,9
130,361,0x169,9
131,362,0x16a,9
132,364,0x16c,9
133,369,0x171,9
134,372,0x174,9
135,376,0x178,9
136,378,0x17a,9
137,379,0x17b,9
138,386,0x182,9
139,391,0x187,9
140,396,0x18c,9
141,398,0x18e,9
142,402,0x192,9
143,406,0x196,9
144,408,0x198,9
145,409,0x199,9
146,421,0x1a5,9
147,428,0x1ac,9
148,429,0x1ad,9
149,434,0x1b2,9
150,441,0x1b9,9
151,444,0x1bc,9
152,449,0x1c1,9
153,451,0x1c3,9
154,456,0x1c8,9
155,469,0x1d5,9
156,474,0x1da,9
157,481,0x1e1,9
158,484,0x1e4,9
159,486,0x1e6,9
160,488,0x1e8,9
161,489,0x1e9,9
162,492,0x1ec,9
163,496,0x1f0,9
164,502,0x1f6,9
165,506,0x1fa,9
166,512,0x200,10
167,514,0x202,10
168,518,0x206,10
169,526,0x20e,10
170,528,0x210,10
171,529,0x211,10
172,532,0x214,10
173,541,0x21d,10
174,549,0x225,10
175,551,0x227,10
176,559,0x22f,10
177,561,0x231,10
178,571,0x23b,10
179,576,0x240,10
180,578,0x242,10
181,586,0x24a,10
182,601,0x259,10
183,602,0x25a,10
184,606,0x25e,10
185,616,0x268,10
186,621,0x26d,10
187,631,0x277,10
188,638,0x27e,10
189,642,0x282,10
190,649,0x289,10
191,651,0x28b,10
192,654,0x28e,10
193,661,0x295,10
194,666,0x29a,10
195,671,0x29f,10
196,672,0x2a0,10
197,676,0x2a4,10
198,678,0x2a6,10
199,681,0x2a9,10
200,694,0x2b6,10
201,716,0x2cc,10
202,721,0x2d1,10
203,722,0x2d2,10
204,726,0x2d6,10
205,728,0x2d8,10
206,729,0x2d9,10
207,736,0x2e0,10
208,738,0x2e2,10
209,741,0x2e5,10
210,742,0x2e6,10
211,761,0x2f9,10
212,766,0x2fe,10
213,771,0x303,10
214,781,0x30d,10
215,782,0x30e,10
216,784,0x310,10
217,786,0x312,10
218,804,0x324,10
219,806,0x326,10
220,811,0x32b,10
221,812,0x32c,10
222,816,0x330,10
223,826,0x33a,10
224,829,0x33d,10
225,836,0x344,10
226,841,0x349,10
227,852,0x354,10
228,856,0x358,10
229,859,0x35b,10
230,861,0x35d,10
231,866,0x362,10
232,871,0x367,10
233,874,0x36a,10
234,881,0x371,10
235,891,0x37b,10
236,898,0x382,10
237,901,0x385,10
238,902,0x386,10
239,911,0x38f,10
240,919,0x397,10
241,924,0x39c,10
242,936,0x3a8,10
243,946,0x3b2,10
244,949,0x3b5,10
245,951,0x3b7,10
246,961,0x3c1,10
247,969,0x3c9,10
248,974,0x3ce,10
249,976,0x3d0,10
250,982,0x3d6,10
251,991,0x3df,10
252,1001,0x3e9,10
253,1002,0x3ea,10
254,1016,0x3f8,10
255,1024,0x400,11
256,1026,0x402,11
257,1046,0x416,11
258,1051,0x41b,11
259,1054,0x41e,11
260,1068,0x42c,11
261,1071,0x42f,11
262,1072,0x430,11
263,1081,0x439,11
264,1089,0x441,11
265,1096,0x448,11
266,1101,0x44d,11
267,1106,0x452,11
268,1128,0x468,11
269,1134,0x46e,11
270,1141,0x475,11
271,1156,0x484,11
272,1158,0x486,11
273,1162,0x48a,11
274,1164,0x48c,11
275,1171,0x493,11
276,1176,0x498,11
277,1178,0x49a,11
278,1184,0x4a0,11
279,1189,0x4a5,11
280,1198,0x4ae,11
281,1201,0x4b1,11
282,1202,0x4b2,11
283,1212,0x4bc,11
284,1216,0x4c0,11
285,1219,0x4c3,11
286,1241,0x4d9,11
287,1242,0x4da,11
288,1249,0x4e1,11
289,1261,0x4ed,11
290,1266,0x4f2,11
291,1281,0x501,11
292,1282,0x502,11
293,1288,0x508,11
294,1296,0x510,11
295,1298,0x512,11
296,1301,0x515,11
297,1306,0x51a,11
298,1321,0x529,11
299,1326,0x52e,11
300,1331,0x533,11
301,1336,0x538,11
302,1339,0x53b,11
303,1352,0x548,11
304,1358,0x54e,11
305,1361,0x551,11
306,1366,0x556,11
307,1369,0x559,11
308,1378,0x562,11
309,1379,0x563,11
310,1381,0x565,11
311,1396,0x574,11
312,1404,0x57c,11
313,1408,0x580,11
314,1426,0x592,11
315,1431,0x597,11
316,1441,0x5a1,11
317,1442,0x5a2,11
318,1444,0x5a4,11
319,1446,0x5a6,11
320,1454,0x5ae,11
321,1456,0x5b0,11
322,1469,0x5bd,11
323,1471,0x5bf,11
324,1489,0x5d1,11
325,1491,0x5d3,11
326,1501,0x5dd,11
327,1519,0x5ef,11
328,1521,0x5f1,11
329,1531,0x5fb,11
330,1538,0x602,11
331,1541,0x605,11
332,1548,0x60c,11
333,1558,0x616,11
334,1561,0x619,11
335,1574,0x626,11
336,1576,0x628,11
337,1596,0x63c,11
338,1602,0x642,11
339,1618,0x652,11
340,1622,0x656,11
341,1626,0x65a,11
342,1629,0x65d,11
343,1639,0x667,11
344,1649,0x671,11
345,1651,0x673,11
346,1652,0x674,11
347,1681,0x691,11
348,1684,0x694,11
349,1692,0x69c,11
350,1696,0x6a0,11
351,1701,0x6a5,11
352,1711,0x6af,11
353,1728,0x6c0,11
354,1729,0x6c1,11
355,1736,0x6c8,11
356,1741,0x6cd,11
357,1756,0x6dc,11
358,1764,0x6e4,11
359,1766,0x6e6,11
360,1769,0x6e9,11
361,1771,0x6eb,11
362,1772,0x6ec,11
363,1782,0x6f6,11
364,1786,0x6fa,11
365,1794,0x702,11
366,1801,0x709,11
367,1806,0x70e,11
368,1816,0x718,11
369,1821,0x71d,11
370,1834,0x72a,11
371,1849,0x739,11
372,1854,0x73e,11
373,1861,0x745,11
374,1882,0x75a,11
375,1891,0x763,11
376,1901,0x76d,11
377,1911,0x777,11
378,1918,0x77e,11
379,1921,0x781,11
380,1926,0x786,11
381,1936,0x790,11
382,1938,0x792,11
383,1946,0x79a,11
384,1951,0x79f,11
385,1956,0x7a4,11
386,1962,0x7aa,11
387,1976,0x7b8,11
388,1996,0x7cc,11
389,1999,0x7cf,11
390,2002,0x7d2,11
391,2016,0x7e0,11
392,2024,0x7e8,11
393,2031,0x7ef,11
394,2041,0x7f9,11
