timestamp,address,utxo_index,tx_hash,tx_output_n,value_btc,value_satoshi,confirmations,script
2026-08-23T00:08:23.056963,1A1zP1eP5QGefi2DMPTfTL5SLmv7DivfNa,0,0237d087e5b93e440500fc74a2560f0cc642ab2c438cf6fc2f295d873a690928,0,5.46e-06,546,0,76a91462e907b15cbf27d5425399ebf6f0fb50ebb88f1888ac
2026-08-23T00:08:23.056989,1A1zP1eP5QGefi2DMPTfTL5SLmv7DivfNa,1,80ff102c06bcfbe3d2931289025ed4d2c96b9175b25cf2eaf75c8ab1bc2ee219,0,5.46e-06,546,46,76a91462e907b15cbf27d5425399ebf6f0fb50ebb88f1888ac
2026-08-23T00:08:23.056994,1A1zP1eP5QGefi2DMPTfTL5SLmv7DivfNa,2,db953e358c988ac6f07e4ab5f620818f4ffb2258ed64583460bc81bc69754181,0,5.46e-06,546,63,76a91462e907b15cbf27d5425399ebf6f0fb50ebb88f1888ac
2026-08-23T00:08:23.056998,1A1zP1eP5QGefi2DMPTfTL5SLmv7DivfNa,3,57a37f5de59a03df4e45a0b660bcd1e9c30065421e2e340f9de161f6de77650c,0,5.46e-06,546,87,76a91462e907b15cbf27d5425399ebf6f0fb50ebb88f1888ac
2026-08-23T00:08:23.057001,1A1zP1eP5QGefi2DMPTfTL5SLmv7DivfNa,4,558c5e503ffcc68d9f887531621016a7e64c3cb12d330e8c1bdc4d2266af450f,0,5.46e-06,546,87,76a91462e907b15cbf27d5425399ebf6f0fb50ebb88f1888ac
2026-08-23T00:08:23.057004,1A1zP1eP5QGefi2DMPTfTL5SLmv7DivfNa,5,3f50b4410fff0356f110ef0f2893e569c5dbf02dfd08b12e819439454216bcaf,0,5.46e-06,546,92,76a91462e907b15cbf27d5425399ebf6f0fb50ebb88f1888ac
2026-08-23T00:08:23.057007,1A1zP1eP5QGefi2DMPTfTL5SLmv7DivfNa,6,10d349f693bc2ea59f3f26d8f7cc56941d1f5bdc92c17a9e5b04f1ce6b65e2bc,0,5.46e-06,546,97,76a91462e907b15cbf27d5425399ebf6f0fb50ebb88f1888ac
2026-08-23T00:08:23.057009,1A1zP1eP5QGefi2DMPTfTL5SLmv7DivfNa,7,2423663a36a5713982421281c8e4f64ae6d30aab0bd8198ee75444ba60e9b380,0,5.46e-06,546,98,76a91462e907b15cbf27d5425399ebf6f0fb50ebb88f1888ac
2026-08-23T00:08:23.057012,1A1zP1eP5QGefi2DMPTfTL5SLmv7DivfNa,8,b1b887d215b2a325bb425e64f9a3866c4eea4e0556c3177530abca961dffa0fd,0,5.46e-06,546,100,76a91462e907b15cbf27d5425399ebf6f0fb50ebb88f1888ac
2026-08-23T00:08:23.057014,1A1zP1eP5QGefi2DMPTfTL5SLmv7DivfNa,9,eff4d24f4f0b5a9b8cd249a12084f48948ffa847d3b6c8cdaf9ee3940e006ed0,0,5.46e-06,546,100,76a91462e907b15cbf27d5425399ebf6f0fb50ebb88f1888ac
2026-08-23T00:08:23.057017,1A1zP1eP5QGefi2DMPTfTL5SLmv7DivfNa,10,6b16ec060dabc2f9b53d1041f450d394d4a4692cf4ef679f816b3023ef18b5c1,0,5.46e-06,546,100,76a91462e907b15cbf27d5425399ebf6f0fb50ebb88f1888ac
2026-08-23T00:08:23.057019,1A1zP1eP5QGefi2DMPTfTL5SLmv7DivfNa,11,477fb1f55f3dc52a792132a85b3bc2b91110ae90c9908c07110daccc3ae68e0d,0,5.46e-06,546,103,76a91462e907b15cbf27d5425399ebf6f0fb50ebb88f1888ac
2026-08-23T00:08:23.057021,1A1zP1eP5QGefi2DMPTfTL5SLmv7DivfNa,12,64d01907b232a763d257ce18c948d166bcf25895a24f9559fed2bd283f4b37e0,0,5.46e-06,546,103,76a91462e907b15cbf27d5425399ebf6f0fb50ebb88f1888ac
2026-08-23T00:08:23.057023,1A1zP1eP5QGefi2DMPTfTL5SLmv7DivfNa,13,e98198b5f4434977c84c913239bb90d9aae0b973ce9cac4b21fe8b9ecde34786,0,5.46e-06,546,103,76a91462e907b15cbf27d5425399ebf6f0fb50ebb88f1888ac
2026-08-23T00:08:23.057026,1A1zP1eP5QGefi2DMPTfTL5SLmv7DivfNa,14,a8f1ee89b7b904b2c896eb5422d156042cc054edb904d50f43cf327801f3a302,0,5.46e-06,546,103,76a91462e907b15cbf27d5425399ebf6f0fb50ebb88f1888ac
2026-08-23T00:08:23.057028,1A1zP1eP5QGefi2DMPTfTL5SLmv7DivfNa,15,ca8c761d9f3d776396ad6e4d32e70a07e0a94df8d9a852ab2b01cf4713639a9c,0,5.46e-06,546,106,76a91462e907b15cbf27d5425399ebf6f0fb50ebb88f1888ac
2026-08-23T00:08:23.057030,1A1zP1eP5QGefi2DMPTfTL5SLmv7DivfNa,16,954cc487a2cb8756c43a46480ae760c8debbeb712468bdaf3219c7dc0cf830ec,0,5.46e-06,546,107,76a91462e907b15cbf27d5425399ebf6f0fb50ebb88f1888ac
2026-08-23T00:08:23.057033,1A1zP1eP5QGefi2DMPTfTL5SLmv7DivfNa,17,954cc487a2cb8756c43a46480ae760c8debbeb712468bdaf3219c7dc0cf830ec,1,5.46e-06,546,107,76a91462e907b15cbf27d5425399ebf6f0fb50ebb88f1888ac
2026-08-23T00:08:23.057035,1A1zP1eP5QGefi2DMPTfTL5SLmv7DivfNa,18,9ca1d7de334d197f78aaad7c48fe935285b802c3b73ca62fb14c31508d48218a,0,5.46e-06,546,139,76a91462e907b15cbf27d5425399ebf6f0fb50ebb88f1888ac
2026-08-23T00:08:23.057038,1A1zP1eP5QGefi2DMPTfTL5SLmv7DivfNa,19,48906769376773982665727f4d2bfcdf0d2f4edf7a90a31e1709f7680a81e30b,0,5.46e-06,546,141,76a91462e907b15cbf27d5425399ebf6f0fb50ebb88f1888ac
2026-08-23T00:08:23.057040,1A1zP1eP5QGefi2DMPTfTL5SLmv7DivfNa,20,8c4c714a6e5739259f352428fbce3f46390895c0d695b6f39e459afe67d24fbb,0,5.46e-06,546,141,76a91462e907b15cbf27d5425399ebf6f0fb50ebb88f1888ac
2026-08-23T00:08:23.057042,1A1zP1eP5QGefi2DMPTfTL5SLmv7DivfNa,21,b698e5e300ca39de6c782d844024e71b2cbe97f2c77cb8c7bc507c898f9bda57,0,5.46e-06,546,146,76a91462e907b15cbf27d5425399ebf6f0fb50ebb88f1888ac
2026-08-23T00:08:23.057045,1A1zP1eP5QGefi2DMPTfTL5SLmv7DivfNa,22,9dd2d4fa16eba35d07f98ae0ea147e8277b1316e433a77a382042da43a6b3b72,0,1e-05,1000,149,76a91462e907b15cbf27d5425399ebf6f0fb50ebb88f1888ac
2026-08-23T00:08:23.057047,1A1zP1eP5QGefi2DMPTfTL5SLmv7DivfNa,23,6298bd4a100887452f0ee017972273aab188d662cd568d1e17bed209ceb12b7b,5,1.412e-05,1412,155,76a91462e907b15cbf27d5425399ebf6f0fb50ebb88f1888ac
2026-08-23T00:08:23.057050,1A1zP1eP5QGefi2DMPTfTL5SLmv7DivfNa,24,8b98e3547231da230161ee1aba57e75529a9b1479295bc3ccfc349e77ef33ea0,1,1.683e-05,1683,166,76a91462e907b15cbf27d5425399ebf6f0fb50ebb88f1888ac
2026-08-23T00:08:23.057053,1A1zP1eP5QGefi2DMPTfTL5SLmv7DivfNa,25,072fc2be75abf150bdd318fa473b3fb6f8e4f647c60ac52efdd801d8bb0fc408,1,4.533e-05,4533,175,76a91462e907b15cbf27d5425399ebf6f0fb50ebb88f1888ac
2026-08-23T00:08:23.057055,1A1zP1eP5QGefi2DMPTfTL5SLmv7DivfNa,26,0c10d04f11ab2940a2104077425f3fdb75251e3abb38ab9470bc0e1faa84fad1,0,5.46e-06,546,180,76a91462e907b15cbf27d5425399ebf6f0fb50ebb88f1888ac
2026-08-23T00:08:23.057058,1A1zP1eP5QGefi2DMPTfTL5SLmv7DivfNa,27,0c10d04f11ab2940a2104077425f3fdb75251e3abb38ab9470bc0e1faa84fad1,1,5.46e-06,546,180,76a91462e907b15cbf27d5425399ebf6f0fb50ebb88f1888ac
2026-08-23T00:08:23.057060,1A1zP1eP5QGefi2DMPTfTL5SLmv7DivfNa,28,0c10d04f11ab2940a2104077425f3fdb75251e3abb38ab9470bc0e1faa84fad1,2,5.46e-06,546,180,76a91462e907b15cbf27d5425399ebf6f0fb50ebb88f1888ac
2026-08-23T00:08:23.057062,1A1zP1eP5QGefi2DMPTfTL5SLmv7DivfNa,29,0c10d04f11ab2940a2104077425f3fdb75251e3abb38ab9470bc0e1faa84fad1,3,5.46e-06,546,180,76a91462e907b15cbf27d5425399ebf6f0fb50ebb88f1888ac
2026-08-23T00:08:23.057064,1A1zP1eP5QGefi2DMPTfTL5SLmv7DivfNa,30,0c10d04f11ab2940a2104077425f3fdb75251e3abb38ab9470bc0e1faa84fad1,4,5.46e-06,546,180,76a91462e907b15cbf27d5425399ebf6f0fb50ebb88f1888ac
2026-08-23T00:08:23.057066,1A1zP1eP5QGefi2DMPTfTL5SLmv7DivfNa,31,0c10d04f11ab2940a2104077425f3fdb75251e3abb38ab9470bc0e1faa84fad1,5,5.46e-06,546,180,76a91462e907b15cbf27d5425399ebf6f0fb50ebb88f1888ac
2026-08-23T00:08:23.057068,1A1zP1eP5QGefi2DMPTfTL5SLmv7DivfNa,32,0c10d04f11ab2940a2104077425f3fdb75251e3abb38ab9470bc0e1faa84fad1,6,5.46e-06,546,180,76a91462e907b15cbf27d5425399ebf6f0fb50ebb88f1888ac
2026-08-23T00:08:23.057072,1A1zP1eP5QGefi2DMPTfTL5SLmv7DivfNa,33,0c10d04f11ab2940a2104077425f3fdb75251e3abb38ab9470bc0e1faa84fad1,7,5.46e-06,546,180,76a91462e907b15cbf27d5425399ebf6f0fb50ebb88f1888ac
2026-08-23T00:08:23.057074,1A1zP1eP5QGefi2DMPTfTL5SLmv7DivfNa,34,0c10d04f11ab2940a2104077425f3fdb75251e3abb38ab9470bc0e1faa84fad1,8,5.46e-06,546,180,76a91462e907b15cbf27d5425399ebf6f0fb50ebb88f1888ac
2026-08-23T00:08:23.057076,1A1zP1eP5QGefi2DMPTfTL5SLmv7DivfNa,35,0c10d04f11ab2940a2104077425f3fdb75251e3abb38ab9470bc0e1faa84fad1,9,5.46e-06,546,180,76a91462e907b15cbf27d5425399ebf6f0fb50ebb88f1888ac
2026-08-23T00:08:23.057078,1A1zP1eP5QGefi2DMPTfTL5SLmv7DivfNa,36,57a12fd69c6560861ebad96c5f09c90589f3f7ee845f964ab372536f509e8d3d,0,5.46e-06,546,207,76a91462e907b15cbf27d5425399ebf6f0fb50ebb88f1888ac
2026-08-23T00:08:23.057080,1A1zP1eP5QGefi2DMPTfTL5SLmv7DivfNa,37,5a7e98904e2ab2ee6578faed3b8c12c0532187f5542b2b58c84f24a2570ad7d8,0,5.46e-06,546,208,76a91462e907b15cbf27d5425399ebf6f0fb50ebb88f1888ac
2026-08-23T00:08:23.057082,1A1zP1eP5QGefi2DMPTfTL5SLmv7DivfNa,38,c6606396b8a28bd2fa8921313e9bf4f2906ba60b162dc7acc47f9b41bc82d802,0,5.46e-06,546,212,76a91462e907b15cbf27d5425399ebf6f0fb50ebb88f1888ac
2026-08-23T00:08:23.057084,1A1zP1eP5QGefi2DMPTfTL5SLmv7DivfNa,39,b92aa0fed4382aa82139f692faf016176a660fd77834bbce514ac313414f5296,0,5.46e-06,546,232,76a91462e907b15cbf27d5425399ebf6f0fb50ebb88f1888ac
2026-08-23T00:08:23.057086,1A1zP1eP5QGefi2DMPTfTL5SLmv7DivfNa,40,94a2f36c62224ff0c88f4688b7adba5d4c1050d899eb93896d203caadd9c54e3,0,5.46e-06,546,236,76a91462e907b15cbf27d5425399ebf6f0fb50ebb88f1888ac
2026-08-23T00:08:23.057089,1A1zP1eP5QGefi2DMPTfTL5SLmv7DivfNa,41,fe0e896027ba26fa7a4fe2b85c98e237423714bcf1fea612c8eedf5d16fb45a1,0,5.46e-06,546,240,76a91462e907b15cbf27d5425399ebf6f0fb50ebb88f1888ac
2026-08-23T00:08:23.057091,1A1zP1eP5QGefi2DMPTfTL5SLmv7DivfNa,42,dc0667ae463ed3ea36ee2da6dd47c14bcdce84ab490e310436b2cdb72be601a9,0,5.46e-06,546,279,76a91462e907b15cbf27d5425399ebf6f0fb50ebb88f1888ac
2026-08-23T00:08:23.057093,1A1zP1eP5QGefi2DMPTfTL5SLmv7DivfNa,43,4e3bb7afd8087fb52c04be58064e5fea9e6bcd5a7e3658c42d29288e8160512a,0,5.274e-05,5274,300,76a91462e907b15cbf27d5425399ebf6f0fb50ebb88f1888ac
2026-08-23T00:08:23.057095,1A1zP1eP5QGefi2DMPTfTL5SLmv7DivfNa,44,32776f909443267f1b9035e9efe92e2170f6ac4dcc39c52163354d2d2f6bbc4a,0,1e-05,1000,300,76a91462e907b15cbf27d5425399ebf6f0fb50ebb88f1888ac
2026-08-23T00:08:23.057097,1A1zP1eP5QGefi2DMPTfTL5SLmv7DivfNa,45,62195faf0afb39ebe0c6747014de9fa539727bd68fc5c2a24994f8ee3e163010,0,1e-05,1000,306,76a91462e907b15cbf27d5425399ebf6f0fb50ebb88f1888ac
2026-08-23T00:08:23.057099,1A1zP1eP5QGefi2DMPTfTL5SLmv7DivfNa,46,9f72d228f249f392d77d832f13cd0577a8ec13a861a1588e35ac47951fcc6899,0,5.46e-06,546,320,76a91462e907b15cbf27d5425399ebf6f0fb50ebb88f1888ac
2026-08-23T00:08:23.057101,1A1zP1eP5QGefi2DMPTfTL5SLmv7DivfNa,47,098abd469496860a7c328e7f57248eb9e70ccbbe35ccea9d5993150d99710b32,0,5.46e-06,546,337,76a91462e907b15cbf27d5425399ebf6f0fb50ebb88f1888ac
2026-08-23T00:08:23.057103,1A1zP1eP5QGefi2DMPTfTL5SLmv7DivfNa,48,bbf2526575c55c4b283642de118f2ebaa9a678967e021bc58cedd780829e12fe,0,5.46e-06,546,339,76a91462e907b15cbf27d5425399ebf6f0fb50ebb88f1888ac
2026-08-23T00:08:23.057105,1A1zP1eP5QGefi2DMPTfTL5SLmv7DivfNa,49,3e9b9f06a9ddb2786a69af04daa6817858663dc9866348428bbc325ebdfc8af0,0,5.46e-06,546,346,76a91462e907b15cbf27d5425399ebf6f0fb50ebb88f1888ac
2026-08-23T00:08:23.057108,1A1zP1eP5QGefi2DMPTfTL5SLmv7DivfNa,50,2f57aaac0939cb1fd9b5724186fa91a32024942c871d4fc83940b9fa514e7fae,0,5.46e-06,546,347,76a91462e907b15cbf27d5425399ebf6f0fb50ebb88f1888ac
2026-08-23T00:08:23.057110,1A1zP1eP5QGefi2DMPTfTL5SLmv7DivfNa,51,2f57aaac0939cb1fd9b5724186fa91a32024942c871d4fc83940b9fa514e7fae,1,5.46e-06,546,347,76a91462e907b15cbf27d5425399ebf6f0fb50ebb88f1888ac
2026-08-23T00:08:23.057112,1A1zP1eP5QGefi2DMPTfTL5SLmv7DivfNa,52,a76d7d9800e34bb4c6306de03cc757fdfc55c410e37cf2bd602c609030d0d1c3,0,5.46e-06,546,350,76a91462e907b15cbf27d5425399ebf6f0fb50ebb88f1888ac
2026-08-23T00:08:23.057115,1A1zP1eP5QGefi2DMPTfTL5SLmv7DivfNa,53,c3d76ae13c82f4e1dd8820b14d38bf9dba3f19ab960b541c8a04f1622ce663f5,0,5.46e-06,546,356,76a91462e907b15cbf27d5425399ebf6f0fb50ebb88f1888ac
2026-08-23T00:08:23.057117,1A1zP1eP5QGefi2DMPTfTL5SLmv7DivfNa,54,8ba3a536882b3b648619a168ca2c2c28650cda206f5690ce6979fa4a59a8d2a8,0,5.46e-06,546,358,76a91462e907b15cbf27d5425399ebf6f0fb50ebb88f1888ac
2026-08-23T00:08:23.057119,1A1zP1eP5QGefi2DMPTfTL5SLmv7DivfNa,55,4a572f33e92455bb7c1954d5b968835cd9ba0fac8b353a14a9d8e48b9e0c4193,0,5.46e-06,546,358,76a91462e907b15cbf27d5425399ebf6f0fb50ebb88f1888ac
2026-08-23T00:08:23.057122,1A1zP1eP5QGefi2DMPTfTL5SLmv7DivfNa,56,4a572f33e92455bb7c1954d5b968835cd9ba0fac8b353a14a9d8e48b9e0c4193,1,5.46e-06,546,358,76a91462e907b15cbf27d5425399ebf6f0fb50ebb88f1888ac
2026-08-23T00:08:23.057124,1A1zP1eP5QGefi2DMPTfTL5SLmv7DivfNa,57,caeb4b1b5c5211c2a7aeed203b2ec579f26f398ee7fd027f74deed87d2b1ad7b,0,5.46e-06,546,358,76a91462e907b15cbf27d5425399ebf6f0fb50ebb88f1888ac
2026-08-23T00:08:23.057126,1A1zP1eP5QGefi2DMPTfTL5SLmv7DivfNa,58,d6d00b3357918152ecc511b74554fd74e4e310434b75ef96da1329fe9ace0c78,0,0.00046,46000,378,76a91462e907b15cbf27d5425399ebf6f0fb50ebb88f1888ac
2026-08-23T00:08:23.057128,1A1zP1eP5QGefi2DMPTfTL5SLmv7DivfNa,59,745bcd6375844c4fec83b2bc62a206b7cef065b04074f24eb83a2ef10cd08ea0,0,5.46e-06,546,386,76a91462e907b15cbf27d5425399ebf6f0fb50ebb88f1888ac
2026-08-23T00:08:23.057130,1A1zP1eP5QGefi2DMPTfTL5SLmv7DivfNa,60,c19ed7cc5f8431f83c61f6afb868484889d00c207d714bfad06fe3ce2dece44c,3,0.07167419,7167419,387,76a91462e907b15cbf27d5425399ebf6f0fb50ebb88f1888ac
2026-08-23T00:08:23.057133,1A1zP1eP5QGefi2DMPTfTL5SLmv7DivfNa,61,1cd6de9451fc5c2475531be0eedacfad1323a3be9e192e2a53e3660202590d3c,0,5.46e-06,546,393,76a91462e907b15cbf27d5425399ebf6f0fb50ebb88f1888ac
2026-08-23T00:08:23.057135,1A1zP1eP5QGefi2DMPTfTL5SLmv7DivfNa,62,04d11cdb97b26dad9597dd4622f21beca3ec42a78de012719db036a446a038be,0,5.46e-06,546,398,76a91462e907b15cbf27d5425399ebf6f0fb50ebb88f1888ac
2026-08-23T00:08:23.057137,1A1zP1eP5QGefi2DMPTfTL5SLmv7DivfNa,63,d86bdcbcac4fc73ddc6a7383d85ad902e09333ba9a26f67a41b5908f33757476,1,7.77e-06,777,399,4104678afdb0fe5548271967f1a67130b7105cd6a828e03909a67962e0ea1f61deb649f6bc3f4cef38c4f35504e51ec112de5c384df7ba0b8d578a4c702b6bf11d5fac
2026-08-23T00:08:23.057139,1A1zP1eP5QGefi2DMPTfTL5SLmv7DivfNa,64,9c6010e3543b238bc389574b96c966b1b82689154905c0f33e2f657d7b20ed23,0,5.46e-06,546,404,76a91462e907b15cbf27d5425399ebf6f0fb50ebb88f1888ac
2026-08-23T00:08:23.057143,1A1zP1eP5QGefi2DMPTfTL5SLmv7DivfNa,65,6dcefec449fba7b9dfb437991406772a3a360554396e18cd31f858a7ed2d6ae5,0,1e-05,1000,409,76a91462e907b15cbf27d5425399ebf6f0fb50ebb88f1888ac
2026-08-23T00:08:23.057145,1A1zP1eP5QGefi2DMPTfTL5SLmv7DivfNa,66,35ce7a9f7eb53da2b0e6087840afce043e4dcdfb636f97cc7ac278d9ff2fe19c,1,5.46e-06,546,441,76a91462e907b15cbf27d5425399ebf6f0fb50ebb88f1888ac
2026-08-23T00:08:23.057147,1A1zP1eP5QGefi2DMPTfTL5SLmv7DivfNa,67,79cc531c81fb8e10af601c359380d20fe6a3fea1ad2084eaa4d2c10e73ae6eea,0,5.46e-06,546,464,76a91462e907b15cbf27d5425399ebf6f0fb50ebb88f1888ac
2026-08-23T00:08:23.057149,1A1zP1eP5QGefi2DMPTfTL5SLmv7DivfNa,68,37f140f6e9297c49081714774f06f3698fc5c1a87efe69703ccb2212a007076e,0,5.46e-06,546,468,76a91462e907b15cbf27d5425399ebf6f0fb50ebb88f1888ac
2026-08-23T00:08:23.057151,1A1zP1eP5QGefi2DMPTfTL5SLmv7DivfNa,69,37f140f6e9297c49081714774f06f3698fc5c1a87efe69703ccb2212a007076e,1,5.46e-06,546,468,76a91462e907b15cbf27d5425399ebf6f0fb50ebb88f1888ac
2026-08-23T00:08:23.057154,1A1zP1eP5QGefi2DMPTfTL5SLmv7DivfNa,70,ab05189b0d6c27c3a8eb7b84d18d28aabcfe51e5f73578106e14c8902a4601d2,0,5.46e-06,546,469,76a91462e907b15cbf27d5425399ebf6f0fb50ebb88f1888ac
2026-08-23T00:08:23.057156,1A1zP1eP5QGefi2DMPTfTL5SLmv7DivfNa,71,ececf361a9636a4815638ba10630556fc4197344ccee25a95ef804af0f561ca3,0,5.46e-06,546,469,76a91462e907b15cbf27d5425399ebf6f0fb50ebb88f1888ac
2026-08-23T00:08:23.057158,1A1zP1eP5QGefi2DMPTfTL5SLmv7DivfNa,72,66c4afc502e7167dcc6c72f3c4e802c2c6ca9d91d76f9ef9c667e82a384f9511,0,5.46e-06,546,469,76a91462e907b15cbf27d5425399ebf6f0fb50ebb88f1888ac
2026-08-23T00:08:23.057160,1A1zP1eP5QGefi2DMPTfTL5SLmv7DivfNa,73,304be448f59f08602dbadd13942ca9eb3031bdc86bfc3f3cf147b1c6f39fc39a,0,5.46e-06,546,480,76a91462e907b15cbf27d5425399ebf6f0fb50ebb88f1888ac
2026-08-23T00:08:23.057162,1A1zP1eP5QGefi2DMPTfTL5SLmv7DivfNa,74,9452bcb757d0863418539fad56e1f0a33baaa3831706bf0585d47381eef51427,0,5.46e-06,546,483,76a91462e907b15cbf27d5425399ebf6f0fb50ebb88f1888ac
2026-08-23T00:08:23.057164,1A1zP1eP5QGefi2DMPTfTL5SLmv7DivfNa,75,4a3a8cf2978e97c7d6f1906388795e4b58d762a8075a89b2bc366cbf822ca62b,0,5.46e-06,546,485,76a91462e907b15cbf27d5425399ebf6f0fb50ebb88f1888ac
2026-08-23T00:08:23.057166,1A1zP1eP5QGefi2DMPTfTL5SLmv7DivfNa,76,afbbdd3c602da390fec3d9bc5fa742cc35f304aaebffa9b2f79601197d654dc3,0,5.46e-06,546,498,76a91462e907b15cbf27d5425399ebf6f0fb50ebb88f1888ac
2026-08-23T00:08:23.057168,1A1zP1eP5QGefi2DMPTfTL5SLmv7DivfNa,77,a3c034c2cd1cf37ef6deb39ec26d8dcd32100362ff5b2c8b66fd44d128cc819d,0,5.46e-06,546,498,76a91462e907b15cbf27d5425399ebf6f0fb50ebb88f1888ac
2026-08-23T00:08:23.057170,1A1zP1eP5QGefi2DMPTfTL5SLmv7DivfNa,78,0b151ec62e3c38ae65173d7d856734d26deab436b2ab97d950739a763817db34,0,5.46e-06,546,499,76a91462e907b15cbf27d5425399ebf6f0fb50ebb88f1888ac
2026-08-23T00:08:23.057173,1A1zP1eP5QGefi2DMPTfTL5SLmv7DivfNa,79,3d1ccdfa73ba25bca7ab959b0635c7ddbeea0bfed00e1cf37eb34b6038709415,0,5.46e-06,546,499,76a91462e907b15cbf27d5425399ebf6f0fb50ebb88f1888ac
2026-08-23T00:08:23.057174,1A1zP1eP5QGefi2DMPTfTL5SLmv7DivfNa,80,3d1ccdfa73ba25bca7ab959b0635c7ddbeea0bfed00e1cf37eb34b6038709415,1,5.46e-06,546,499,76a91462e907b15cbf27d5425399ebf6f0fb50ebb88f1888ac
2026-08-23T00:08:23.057176,1A1zP1eP5QGefi2DMPTfTL5SLmv7DivfNa,81,3d1ccdfa73ba25bca7ab959b0635c7ddbeea0bfed00e1cf37eb34b6038709415,2,5.46e-06,546,499,76a91462e907b15cbf27d5425399ebf6f0fb50ebb88f1888ac
2026-08-23T00:08:23.057178,1A1zP1eP5QGefi2DMPTfTL5SLmv7DivfNa,82,2f509182e32ec826f31ee37d823f780db76526da76f036ae5256ecea486d7fb6,0,5.46e-06,546,511,76a91462e907b15cbf27d5425399ebf6f0fb50ebb88f1888ac
2026-08-23T00:08:23.057180,1A1zP1eP5QGefi2DMPTfTL5SLmv7DivfNa,83,34f8cf650eaa7828608e0981f4c2e572d50c512babb80e150eeedfee771539b9,0,5.46e-06,546,524,76a91462e907b15cbf27d5425399ebf6f0fb50ebb88f1888ac
2026-08-23T00:08:23.057182,1A1zP1eP5QGefi2DMPTfTL5SLmv7DivfNa,84,ae0140129833d3184e1b8ad07b672c6ff56b18d6ce44917e4f347ff5d526ca6e,0,5.46e-06,546,529,76a91462e907b15cbf27d5425399ebf6f0fb50ebb88f1888ac
2026-08-23T00:08:23.057184,1A1zP1eP5QGefi2DMPTfTL5SLmv7DivfNa,85,33e626d3f05e5c4739eeee51455a3ca7f5029c28fc0a64b5449d3afd4968ec69,0,5.46e-06,546,529,76a91462e907b15cbf27d5425399ebf6f0fb50ebb88f1888ac
2026-08-23T00:08:23.057186,1A1zP1eP5QGefi2DMPTfTL5SLmv7DivfNa,86,1d463ba87dc6df6b1ac36e78c26c2441e69b38d3b4b58e38c3c9ab4b2327f32e,0,5.46e-06,546,540,76a91462e907b15cbf27d5425399ebf6f0fb50ebb88f1888ac
2026-08-23T00:08:23.057189,1A1zP1eP5QGefi2DMPTfTL5SLmv7DivfNa,87,81b53e6cf7c8266194ca6cbb355231435b65d80b2c18f59e4b02329843ff59c2,0,5.46e-06,546,540,76a91462e907b15cbf27d5425399ebf6f0fb50ebb88f1888ac
2026-08-23T00:08:23.057190,1A1zP1eP5QGefi2DMPTfTL5SLmv7DivfNa,88,af463f414fd4d24f1dc82071adfe2e96eb1ab189bd4187793886bfa6fed242ff,0,5.46e-06,546,545,76a91462e907b15cbf27d5425399ebf6f0fb50ebb88f1888ac
2026-08-23T00:08:23.057192,1A1zP1eP5QGefi2DMPTfTL5SLmv7DivfNa,89,b101ef82f183107bb40979f7d5a88406e6530dbb254e8fbdcf239b1611c82fe0,0,5.46e-06,546,545,76a91462e907b15cbf27d5425399ebf6f0fb50ebb88f1888ac
2026-08-23T00:08:23.057194,1A1zP1eP5QGefi2DMPTfTL5SLmv7DivfNa,90,0887f3d8586dcaa43cf7b623559833b856186f58939fdd6b72cb89c8570e63d1,0,5.46e-06,546,545,76a91462e907b15cbf27d5425399ebf6f0fb50ebb88f1888ac
2026-08-23T00:08:23.057196,1A1zP1eP5QGefi2DMPTfTL5SLmv7DivfNa,91,34d8a58470184f553d65f9a6c30e71ea3be9da3792e307e2c4f16da29f5330cc,0,5.46e-06,546,545,76a91462e907b15cbf27d5425399ebf6f0fb50ebb88f1888ac
2026-08-23T00:08:23.057204,1A1zP1eP5QGefi2DMPTfTL5SLmv7DivfNa,92,3d6d9863149800fa85c42a3832d92b395d11a0535c82ee08332b8c2bfdebe897,0,5.46e-06,546,545,76a91462e907b15cbf27d5425399ebf6f0fb50ebb88f1888ac
2026-08-23T00:08:23.057207,1A1zP1eP5QGefi2DMPTfTL5SLmv7DivfNa,93,53502af34a4dedf561f775fe65b1887c8b8e9abbb5ea5e55749b99967aa2578c,0,5.46e-06,546,545,76a91462e907b15cbf27d5425399ebf6f0fb50ebb88f1888ac
2026-08-23T00:08:23.057209,1A1zP1eP5QGefi2DMPTfTL5SLmv7DivfNa,94,592d8d38e6ef49da0d32523212c2d39dc90de02db671eb3cb11f71881bf6e188,0,5.46e-06,546,545,76a91462e907b15cbf27d5425399ebf6f0fb50ebb88f1888ac
2026-08-23T00:08:23.057211,1A1zP1eP5QGefi2DMPTfTL5SLmv7DivfNa,95,55a1e4a01818fb7302d2064a2cbd8c58853121cbf4d1cc647bc1d3ff2a0a3b7f,0,5.46e-06,546,545,76a91462e907b15cbf27d5425399ebf6f0fb50ebb88f1888ac
2026-08-23T00:08:23.057214,1A1zP1eP5QGefi2DMPTfTL5SLmv7DivfNa,96,80fb12e0480474c031c48967f59f26a2b767d896a9c6edce3a5b611989e84e30,0,5.46e-06,546,545,76a91462e907b15cbf27d5425399ebf6f0fb50ebb88f1888ac
2026-08-23T00:08:23.057216,1A1zP1eP5QGefi2DMPTfTL5SLmv7DivfNa,97,950aa7bced1a6b7b8e23b69b077d42fbe8ffdcfe3ab7d229ec94d1fe2e84d005,0,5.46e-06,546,545,76a91462e907b15cbf27d5425399ebf6f0fb50ebb88f1888ac
2026-08-23T00:08:23.057218,1A1zP1eP5QGefi2DMPTfTL5SLmv7DivfNa,98,f2b11ade1b1be7f60703e4d2c15938aedc200d969ae753761aa952e512636a76,0,5.46e-06,546,563,76a91462e907b15cbf27d5425399ebf6f0fb50ebb88f1888ac
2026-08-23T00:08:23.057220,1A1zP1eP5QGefi2DMPTfTL5SLmv7DivfNa,99,19241d4d385ffd3327f05f9a5d28f96bd92e663a36b4cca862273405a57d64b4,0,5.46e-06,546,572,76a91462e907b15cbf27d5425399ebf6f0fb50ebb88f1888ac
2026-08-23T00:08:23.057223,1A1zP1eP5QGefi2DMPTfTL5SLmv7DivfNa,100,966f7fa6cd81facf8808c1d4334e704caa216b6e7b777ad0f5dac814bec99ba5,0,5.46e-06,546,572,76a91462e907b15cbf27d5425399ebf6f0fb50ebb88f1888ac
2026-08-23T00:08:23.057225,1A1zP1eP5QGefi2DMPTfTL5SLmv7DivfNa,101,f674adc4e20c091b611d46473eccbd98878992a019c357df6504dc521c6b9558,0,5.46e-06,546,573,76a91462e907b15cbf27d5425399ebf6f0fb50ebb88f1888ac
2026-08-23T00:08:23.057227,1A1zP1eP5QGefi2DMPTfTL5SLmv7DivfNa,102,2116b0fba63e610fb0d37bbe8c41aa49989b4909aa6877fbd2e11fcb065ce4d9,0,5.46e-06,546,582,76a91462e907b15cbf27d5425399ebf6f0fb50ebb88f1888ac
2026-08-23T00:08:23.057230,1A1zP1eP5QGefi2DMPTfTL5SLmv7DivfNa,103,78867d14538329529589e2e383394258afcc743d4078d6fef3807d24e3b555fe,0,5.46e-06,546,585,76a91462e907b15cbf27d5425399ebf6f0fb50ebb88f1888ac
2026-08-23T00:08:23.057232,1A1zP1eP5QGefi2DMPTfTL5SLmv7DivfNa,104,78867d14538329529589e2e383394258afcc743d4078d6fef3807d24e3b555fe,1,5.46e-06,546,585,76a91462e907b15cbf27d5425399ebf6f0fb50ebb88f1888ac
2026-08-23T00:08:23.057234,1A1zP1eP5QGefi2DMPTfTL5SLmv7DivfNa,105,78867d14538329529589e2e383394258afcc743d4078d6fef3807d24e3b555fe,2,5.46e-06,546,585,76a91462e907b15cbf27d5425399ebf6f0fb50ebb88f1888ac
2026-08-23T00:08:23.057236,1A1zP1eP5QGefi2DMPTfTL5SLmv7DivfNa,106,5c5b98435da8c4d82ee0ea9693e30f91bddddbbf28252d1cfdd75d732c481120,0,5.46e-06,546,586,76a91462e907b15cbf27d5425399ebf6f0fb50ebb88f1888ac
2026-08-23T00:08:23.057239,1A1zP1eP5QGefi2DMPTfTL5SLmv7DivfNa,107,1446f39e8cd1f99f25c55f8db10b17c3b2384d7a9d9b869edd7193341b9fad11,0,5.46e-06,546,597,76a91462e907b15cbf27d5425399ebf6f0fb50ebb88f1888ac
2026-08-23T00:08:23.057241,1A1zP1eP5QGefi2DMPTfTL5SLmv7DivfNa,108,0c09075ce33b4daae33253b980b3d2828ed31791fb42ce84c5114ac1c25fc195,0,5.46e-06,546,597,76a91462e907b15cbf27d5425399ebf6f0fb50ebb88f1888ac
2026-08-23T00:08:23.057243,1A1zP1eP5QGefi2DMPTfTL5SLmv7DivfNa,109,8b7f76d5560e4e68b1c700f98b065405405d7eaec3d584754e23871a30e6bbc1,0,5.46e-06,546,606,76a91462e907b15cbf27d5425399ebf6f0fb50ebb88f1888ac
2026-08-23T00:08:23.057245,1A1zP1eP5QGefi2DMPTfTL5SLmv7DivfNa,110,34712962f02d1848223b143129ba445ddb1162ff6f5caf85065a494fd843e334,0,5.46e-06,546,607,76a91462e907b15cbf27d5425399ebf6f0fb50ebb88f1888ac
2026-08-23T00:08:23.057247,1A1zP1eP5QGefi2DMPTfTL5SLmv7DivfNa,111,b9b919ee21db2eef1d95d80b0ee5a3f0dc879d7ab55b5dd72af22d67716fd218,0,5.46e-06,546,608,76a91462e907b15cbf27d5425399ebf6f0fb50ebb88f1888ac
2026-08-23T00:08:23.057250,1A1zP1eP5QGefi2DMPTfTL5SLmv7DivfNa,112,0fd5a36d00b8545929091007e2952b3dd1eb37bb908cd47142e272d662c07a26,0,5.46e-06,546,614,76a91462e907b15cbf27d5425399ebf6f0fb50ebb88f1888ac
2026-08-23T00:08:23.057252,1A1zP1eP5QGefi2DMPTfTL5SLmv7DivfNa,113,83b091d8aaf3caa7dc89ee6720664bc64985efc281770ea53326f78dbf3f21ef,0,5.46e-06,546,620,76a91462e907b15cbf27d5425399ebf6f0fb50ebb88f1888ac
2026-08-23T00:08:23.057254,1A1zP1eP5QGefi2DMPTfTL5SLmv7DivfNa,114,cfdba979d66328bcbd7ea5700842604b0244312174470d0065f05c918d0cdfc1,0,5.46e-06,546,622,76a91462e907b15cbf27d5425399ebf6f0fb50ebb88f1888ac
2026-08-23T00:08:23.057256,1A1zP1eP5QGefi2DMPTfTL5SLmv7DivfNa,115,a91ba31e1f31a79cd40379ccac232f1fcc17820da89b4842bdad803c56ac0392,0,5.46e-06,546,628,76a91462e907b15cbf27d5425399ebf6f0fb50ebb88f1888ac
2026-08-23T00:08:23.057259,1A1zP1eP5QGefi2DMPTfTL5SLmv7DivfNa,116,3eb28bae16bc8c85f2613d3da59e7421ecb3a074636b04522b95ce81972bfe8f,0,5.46e-06,546,633,76a91462e907b15cbf27d5425399ebf6f0fb50ebb88f1888ac
2026-08-23T00:08:23.057261,1A1zP1eP5QGefi2DMPTfTL5SLmv7DivfNa,117,be4e4d313eb8ca623a12df03de856b93daeb7a8ebd9d976535fd7f5140083ca7,0,5.46e-06,546,634,76a91462e907b15cbf27d5425399ebf6f0fb50ebb88f1888ac
2026-08-23T00:08:23.057264,1A1zP1eP5QGefi2DMPTfTL5SLmv7DivfNa,118,7542e9239eaf8d756427ab3388f7926a5b280dabb5f3248e2f2368ba2a7a454a,0,5.46e-06,546,636,76a91462e907b15cbf27d5425399ebf6f0fb50ebb88f1888ac
2026-08-23T00:08:23.057266,1A1zP1eP5QGefi2DMPTfTL5SLmv7DivfNa,119,86ed0cecd12a1e47a0dbc30bee226007e2e016fbae0b320bae344ef77da1830e,0,5.46e-06,546,639,76a91462e907b15cbf27d5425399ebf6f0fb50ebb88f1888ac
2026-08-23T00:08:23.057268,1A1zP1eP5QGefi2DMPTfTL5SLmv7DivfNa,120,bdd9a14115eb1ec2b0e3b22383efa65fde763f26a9d496f33b0b2b11ca677665,0,5.46e-06,546,640,76a91462e907b15cbf27d5425399ebf6f0fb50ebb88f1888ac
2026-08-23T00:08:23.057271,1A1zP1eP5QGefi2DMPTfTL5SLmv7DivfNa,121,3d095fb08ca774d7290cc7e426ca21b8c69838e12d221fd4ca03eee062e8adbe,0,5.46e-06,546,641,76a91462e907b15cbf27d5425399ebf6f0fb50ebb88f1888ac
2026-08-23T00:08:23.057273,1A1zP1eP5QGefi2DMPTfTL5SLmv7DivfNa,122,db7414dc7d9298f4be5e93e08fcb477e2e8ec8b3f32bdf23df7f6110dd4b5d71,0,5.46e-06,546,647,76a91462e907b15cbf27d5425399ebf6f0fb50ebb88f1888ac
2026-08-23T00:08:23.057275,1A1zP1eP5QGefi2DMPTfTL5SLmv7DivfNa,123,812119da26c004a4a4179893e1f2c8a70b7aec503b3d2f9a5381abb56d9e0927,0,5.46e-06,546,648,76a91462e907b15cbf27d5425399ebf6f0fb50ebb88f1888ac
2026-08-23T00:08:23.057277,1A1zP1eP5QGefi2DMPTfTL5SLmv7DivfNa,124,63b7d8f22aecc131ae5061024e691b720fc8a7749b49ff395993b124bf6ff35c,0,5.46e-06,546,651,76a91462e907b15cbf27d5425399ebf6f0fb50ebb88f1888ac
2026-08-23T00:08:23.057279,1A1zP1eP5QGefi2DMPTfTL5SLmv7DivfNa,125,267894fd33265341247442706b8b11da5c0fbf6c6a4889c15977388e703acce6,0,5.46e-06,546,657,76a91462e907b15cbf27d5425399ebf6f0fb50ebb88f1888ac
2026-08-23T00:08:23.057281,1A1zP1eP5QGefi2DMPTfTL5SLmv7DivfNa,126,3a685023277984954d8d47cf73ae14bc237652b02286af124581d685313e2068,0,5.46e-06,546,664,76a91462e907b15cbf27d5425399ebf6f0fb50ebb88f1888ac
2026-08-23T00:08:23.057284,1A1zP1eP5QGefi2DMPTfTL5SLmv7DivfNa,127,a9986cbef7ec318578daf2f72a6ef9a107bc1143082a871e23219b31b467fe47,0,5.46e-06,546,672,76a91462e907b15cbf27d5425399ebf6f0fb50ebb88f1888ac
2026-08-23T00:08:23.057285,1A1zP1eP5QGefi2DMPTfTL5SLmv7DivfNa,128,01083096668e1367b1f30250a30032f4636906ed8da9a1e3764a3db73ad62b06,0,5.46e-06,546,674,76a91462e907b15cbf27d5425399ebf6f0fb50ebb88f1888ac
2026-08-23T00:08:23.057289,1A1zP1eP5QGefi2DMPTfTL5SLmv7DivfNa,129,150b82a607dae465faffbf31055b493f331e0cc9335147ac3ffa5855595c9c4f,0,5.46e-06,546,677,76a91462e907b15cbf27d5425399ebf6f0fb50ebb88f1888ac
2026-08-23T00:08:23.057291,1A1zP1eP5QGefi2DMPTfTL5SLmv7DivfNa,130,40f1a4431292209762dac7fa75e743d44073db4632e0952761de5d1aae205164,0,5.46e-06,546,681,76a91462e907b15cbf27d5425399ebf6f0fb50ebb88f1888ac
2026-08-23T00:08:23.057293,1A1zP1eP5QGefi2DMPTfTL5SLmv7DivfNa,131,3a82975d3f7d1a9209b4639bfa00df7c9a67133df897555db4b184fee3cf797f,0,5.46e-06,546,687,76a91462e907b15cbf27d5425399ebf6f0fb50ebb88f1888ac
2026-08-23T00:08:23.057295,1A1zP1eP5QGefi2DMPTfTL5SLmv7DivfNa,132,499e16b197e6848eb89316ac0b3c5b1af342cbc6fed53f6cac8ea58f20bbd8a2,0,5.46e-06,546,695,76a91462e907b15cbf27d5425399ebf6f0fb50ebb88f1888ac
2026-08-23T00:08:23.057297,1A1zP1eP5QGefi2DMPTfTL5SLmv7DivfNa,133,e629b0529c1853f1944933aba4d6d571ac67f336db75a388acaa004f1db294c2,0,5.46e-06,546,697,76a91462e907b15cbf27d5425399ebf6f0fb50ebb88f1888ac
2026-08-23T00:08:23.057299,1A1zP1eP5QGefi2DMPTfTL5SLmv7DivfNa,134,016992bcf06184d5ac01383a3ec6d9f43e6540c9b132d4be033fc749a4f0db55,0,5.46e-06,546,700,76a91462e907b15cbf27d5425399ebf6f0fb50ebb88f1888ac
2026-08-23T00:08:23.057301,1A1zP1eP5QGefi2DMPTfTL5SLmv7DivfNa,135,eec066d572fc5092938537f1603d3834c0c7d365feb4339bd5c1561e34a180b3,0,5.46e-06,546,707,76a91462e907b15cbf27d5425399ebf6f0fb50ebb88f1888ac
2026-08-23T00:08:23.057303,1A1zP1eP5QGefi2DMPTfTL5SLmv7DivfNa,136,87948074ff721acf941161218cd3f169bfe99fd97f00019178a2f631c8741072,0,5.46e-06,546,717,76a91462e907b15cbf27d5425399ebf6f0fb50ebb88f1888ac
2026-08-23T00:08:23.057305,1A1zP1eP5QGefi2DMPTfTL5SLmv7DivfNa,137,77b042397ca6526dabdc474d00c5ffd2580a598644a0bad708744de02a00ccca,0,5.46e-06,546,725,76a91462e907b15cbf27d5425399ebf6f0fb50ebb88f1888ac
2026-08-23T00:08:23.057307,1A1zP1eP5QGefi2DMPTfTL5SLmv7DivfNa,138,667ee2b78d3a1bc5ae50aeb27c1f63dd3187ed8bd14c823a05f5f33a2a182998,0,5.46e-06,546,733,76a91462e907b15cbf27d5425399ebf6f0fb50ebb88f1888ac
2026-08-23T00:08:23.057309,1A1zP1eP5QGefi2DMPTfTL5SLmv7DivfNa,139,1e067457853be9563b6461c46ab7a0b86870a8adb6bc1ce356f5f4c2fb3c602f,0,5.46e-06,546,742,76a91462e907b15cbf27d5425399ebf6f0fb50ebb88f1888ac
2026-08-23T00:08:23.057311,1A1zP1eP5QGefi2DMPTfTL5SLmv7DivfNa,140,45c03b234bbee8f14c4c9eccefe8959978efb0811d83bcec110641e1490e3001,0,5.46e-06,546,745,76a91462e907b15cbf27d5425399ebf6f0fb50ebb88f1888ac
2026-08-23T00:08:23.057313,1A1zP1eP5QGefi2DMPTfTL5SLmv7DivfNa,141,70f631fb76489c911e92108d367858e082c5dee35bf7a470481ce11200dcd9a3,0,5.46e-06,546,750,76a91462e907b15cbf27d5425399ebf6f0fb50ebb88f1888ac
2026-08-23T00:08:23.057315,1A1zP1eP5QGefi2DMPTfTL5SLmv7DivfNa,142,a09d21217668b1ce65eb0bf365bbe3eb24867c726f818b5c084ad49d92e81a40,0,5.46e-06,546,757,76a91462e907b15cbf27d5425399ebf6f0fb50ebb88f1888ac
2026-08-23T00:08:23.057317,1A1zP1eP5QGefi2DMPTfTL5SLmv7DivfNa,143,837e23ecbb51792e887222edb921758b9ab134e05983a35d67e77cb1ba86f100,0,5.46e-06,546,766,76a91462e907b15cbf27d5425399ebf6f0fb50ebb88f1888ac
2026-08-23T00:08:23.057319,1A1zP1eP5QGefi2DMPTfTL5SLmv7DivfNa,144,6971d2279a754d79fa862ab3c4395108ee513fc556745281c2a44d64fa9cce66,0,5.46e-06,546,774,76a91462e907b15cbf27d5425399ebf6f0fb50ebb88f1888ac
2026-08-23T00:08:23.057321,1A1zP1eP5QGefi2DMPTfTL5SLmv7DivfNa,145,95150177a881b3f63c122ff499cf101fd8a63e341207e140886dbdd316c04d96,0,5.46e-06,546,779,76a91462e907b15cbf27d5425399ebf6f0fb50ebb88f1888ac
2026-08-23T00:08:23.057323,1A1zP1eP5QGefi2DMPTfTL5SLmv7DivfNa,146,db082ed797dc31f93b649c825f68d648bfd8fd8597ef50c4ece34db9ddc27739,0,5.46e-06,546,779,76a91462e907b15cbf27d5425399ebf6f0fb50ebb88f1888ac
2026-08-23T00:08:23.057325,1A1zP1eP5QGefi2DMPTfTL5SLmv7DivfNa,147,9af8a26c6a0a379aa65e8b9047a16d5663a2c295714148072bfb5aec710da498,0,5.46e-06,546,785,76a91462e907b15cbf27d5425399ebf6f0fb50ebb88f1888ac
2026-08-23T00:08:23.057327,1A1zP1eP5QGefi2DMPTfTL5SLmv7DivfNa,148,6285b6d25a8d44bd411663a6d693dc70ef02ea6b768b00f5eabf4ad96f63fd38,0,5.46e-06,546,792,76a91462e907b15cbf27d5425399ebf6f0fb50ebb88f1888ac
2026-08-23T00:08:23.057329,1A1zP1eP5QGefi2DMPTfTL5SLmv7DivfNa,149,e1c8ec9d95f616d7faa92445010a882c3f63b5e46a3f118bc3cf02a879414648,0,5.46e-06,546,802,76a91462e907b15cbf27d5425399ebf6f0fb50ebb88f1888ac
2026-08-23T00:08:23.057331,1A1zP1eP5QGefi2DMPTfTL5SLmv7DivfNa,150,015045e1a5e9396899bdc61d8218a834e2b06bbbbed8e2e8cca9ce07b9b9bf64,0,5.46e-06,546,803,76a91462e907b15cbf27d5425399ebf6f0fb50ebb88f1888ac
2026-08-23T00:08:23.057333,1A1zP1eP5QGefi2DMPTfTL5SLmv7DivfNa,151,8553e294245bfa8635dfc3e3fc54cfd2904e9876eb88cefe60dec27edc26920f,0,5.46e-06,546,805,76a91462e907b15cbf27d5425399ebf6f0fb50ebb88f1888ac
2026-08-23T00:08:23.057335,1A1zP1eP5QGefi2DMPTfTL5SLmv7DivfNa,152,4b87eb70692fa3201fd51ec20332e7ae44001401cedeed5fb0456d11c6466078,0,5.46e-06,546,813,76a91462e907b15cbf27d5425399ebf6f0fb50ebb88f1888ac
2026-08-23T00:08:23.057337,1A1zP1eP5QGefi2DMPTfTL5SLmv7DivfNa,153,a354f3f39bc1d157e1324b86d314c43b01dcf95421a869c60d8bfe662b91d822,0,5.46e-06,546,815,76a91462e907b15cbf27d5425399ebf6f0fb50ebb88f1888ac
2026-08-23T00:08:23.057339,1A1zP1eP5QGefi2DMPTfTL5SLmv7DivfNa,154,ac7b860ab4edd7b5be30945a4a221199e3fd739c314ab122a878b7029aadd1d2,0,5.46e-06,546,816,76a91462e907b15cbf27d5425399ebf6f0fb50ebb88f1888ac
2026-08-23T00:08:23.057341,1A1zP1eP5QGefi2DMPTfTL5SLmv7DivfNa,155,5f11f7476cf0533e89569b8da98a8d2024b97c60406ab5b3f7c4e2176f5ff0e9,0,5.46e-06,546,822,76a91462e907b15cbf27d5425399ebf6f0fb50ebb88f1888ac
2026-08-23T00:08:23.057343,1A1zP1eP5QGefi2DMPTfTL5SLmv7DivfNa,156,c1c9919bfcb4449a5c324a6ebc6c1db8276c6afd8e754285c9028361cce1bd28,0,5.46e-06,546,829,76a91462e907b15cbf27d5425399ebf6f0fb50ebb88f1888ac
2026-08-23T00:08:23.057345,1A1zP1eP5QGefi2DMPTfTL5SLmv7DivfNa,157,1c5151ed310a432925224beaa56f9996b3ebae4c68f6911f4fed6ebe9300bdab,0,5.46e-06,546,837,76a91462e907b15cbf27d5425399ebf6f0fb50ebb88f1888ac
2026-08-23T00:08:23.057347,1A1zP1eP5QGefi2DMPTfTL5SLmv7DivfNa,158,bc9273f12f5817187e04455a1dae9ccb27e9704e3e8fc5a1657d7085e4e95e37,0,5.46e-06,546,838,76a91462e907b15cbf27d5425399ebf6f0fb50ebb88f1888ac
2026-08-23T00:08:23.057349,1A1zP1eP5QGefi2DMPTfTL5SLmv7DivfNa,159,2d36d05dd7a5253b0771ace3926d23f0e17f60f78c85addfc7fd5649524170aa,0,5.46e-06,546,847,76a91462e907b15cbf27d5425399ebf6f0fb50ebb88f1888ac
2026-08-23T00:08:23.057351,1A1zP1eP5QGefi2DMPTfTL5SLmv7DivfNa,160,83e920480f515dd8f579e1e7f03a8eb8ef6dc7cc3a4b69cc876cf1b626ae5b91,0,5.46e-06,546,854,76a91462e907b15cbf27d5425399ebf6f0fb50ebb88f1888ac
2026-08-23T00:08:23.057353,1A1zP1eP5QGefi2DMPTfTL5SLmv7DivfNa,161,70bb2757a6b1a29dd6b06b25daa7ef7e1108f12b4eee6fe6e8dc7679448f9a1d,0,5.46e-06,546,866,76a91462e907b15cbf27d5425399ebf6f0fb50ebb88f1888ac
2026-08-23T00:08:23.057355,1A1zP1eP5QGefi2DMPTfTL5SLmv7DivfNa,162,9d3cd7f910261fc4571f18515c3a30abfdac80ab21f039b043462743eb3f5ee2,0,5.46e-06,546,868,76a91462e907b15cbf27d5425399ebf6f0fb50ebb88f1888ac
2026-08-23T00:08:23.057357,1A1zP1eP5QGefi2DMPTfTL5SLmv7DivfNa,163,7411944499ee9c3be7c45e0bf09faa1339cc22fa8b4873c2a18ab0a06dc056e1,0,7e-06,700,872,76a91462e907b15cbf27d5425399ebf6f0fb50ebb88f1888ac
2026-08-23T00:08:23.057359,1A1zP1eP5QGefi2DMPTfTL5SLmv7DivfNa,164,8d6cc41895e738be63ca8aa54d6d2f41ae5069dea7fe2f667f6363f84005078b,0,5.46e-06,546,876,76a91462e907b15cbf27d5425399ebf6f0fb50ebb88f1888ac
2026-08-23T00:08:23.057361,1A1zP1eP5QGefi2DMPTfTL5SLmv7DivfNa,165,fe766cb670fb8cce1c676dae5c3a80df5bd56aae94af325fe1bde3d2dbc3d75b,0,5.46e-06,546,879,76a91462e907b15cbf27d5425399ebf6f0fb50ebb88f1888ac
2026-08-23T00:08:23.057363,1A1zP1eP5QGefi2DMPTfTL5SLmv7DivfNa,166,13313864addf00bd97db820191835f2785e05f6f84ab7710d42049d29185ebd9,1,6.6e-06,660,881,76a91462e907b15cbf27d5425399ebf6f0fb50ebb88f1888ac
2026-08-23T00:08:23.057365,1A1zP1eP5QGefi2DMPTfTL5SLmv7DivfNa,167,4614ec32be595308b14322338acc59d9b9c2e518bcee00c388e70dab5567e98f,0,7e-06,700,883,76a91462e907b15cbf27d5425399ebf6f0fb50ebb88f1888ac
2026-08-23T00:08:23.057367,1A1zP1eP5QGefi2DMPTfTL5SLmv7DivfNa,168,c90868dd948ec408a7aef4525a79a76f6fe72bf450f4cb44d25e85d88d7481f9,0,5.46e-06,546,883,76a91462e907b15cbf27d5425399ebf6f0fb50ebb88f1888ac
2026-08-23T00:08:23.057369,1A1zP1eP5QGefi2DMPTfTL5SLmv7DivfNa,169,52b1071fba35ec737c1fba8e19f40059ac234b367406fa628273b84f6ce954e0,1,6.6e-06,660,885,76a91462e907b15cbf27d5425399ebf6f0fb50ebb88f1888ac
2026-08-23T00:08:23.057371,1A1zP1eP5QGefi2DMPTfTL5SLmv7DivfNa,170,52b1071fba35ec737c1fba8e19f40059ac234b367406fa628273b84f6ce954e0,2,6.6e-06,660,885,76a91462e907b15cbf27d5425399ebf6f0fb50ebb88f1888ac
2026-08-23T00:08:23.057373,1A1zP1eP5QGefi2DMPTfTL5SLmv7DivfNa,171,52b1071fba35ec737c1fba8e19f40059ac234b367406fa628273b84f6ce954e0,3,6.61e-06,661,885,76a91462e907b15cbf27d5425399ebf6f0fb50ebb88f1888ac
2026-08-23T00:08:23.057375,1A1zP1eP5QGefi2DMPTfTL5SLmv7DivfNa,172,518df4bcaff55d6ebf4388d8e5cd2d5fe82eb21afe3c1bf929a6941918d933a3,0,5.46e-06,546,891,76a91462e907b15cbf27d5425399ebf6f0fb50ebb88f1888ac
2026-08-23T00:08:23.057378,1A1zP1eP5QGefi2DMPTfTL5SLmv7DivfNa,173,e5d6299a1e1ca1439c1f32d22b5f2ab67ca9bc5b18789a542616c3c4c2024b5b,0,5.46e-06,546,898,76a91462e907b15cbf27d5425399ebf6f0fb50ebb88f1888ac
2026-08-23T00:08:23.057380,1A1zP1eP5QGefi2DMPTfTL5SLmv7DivfNa,174,7c7e2adb919e62314131034d5e6215a6a0d7ee50a1e08cd3311fe2a0bf4d3efd,0,5.46e-06,546,904,76a91462e907b15cbf27d5425399ebf6f0fb50ebb88f1888ac
2026-08-23T00:08:23.057382,1A1zP1eP5QGefi2DMPTfTL5SLmv7DivfNa,175,42e887a5c6c1e92d9d0ecd63b193b490e17398905c591a07485f11aea066d767,0,5.46e-06,546,905,76a91462e907b15cbf27d5425399ebf6f0fb50ebb88f1888ac
2026-08-23T00:08:23.057384,1A1zP1eP5QGefi2DMPTfTL5SLmv7DivfNa,176,836451b9d0083a6d7d4d977a80b1f1ec5954642cbb313cab3b108386742e08a2,0,5.46e-06,546,907,76a91462e907b15cbf27d5425399ebf6f0fb50ebb88f1888ac
2026-08-23T00:08:23.057385,1A1zP1eP5QGefi2DMPTfTL5SLmv7DivfNa,177,d766f7fe0a42aacb44565059dbf43227d642299c3d3466b55c27427cad4a3f4a,0,5.46e-06,546,911,76a91462e907b15cbf27d5425399ebf6f0fb50ebb88f1888ac
2026-08-23T00:08:23.057388,1A1zP1eP5QGefi2DMPTfTL5SLmv7DivfNa,178,89b874d3bcfe5efb784ff4257e2bd0460c321116cdc73b4139235e63deecfef9,0,5.46e-06,546,920,76a91462e907b15cbf27d5425399ebf6f0fb50ebb88f1888ac
2026-08-23T00:08:23.057390,1A1zP1eP5QGefi2DMPTfTL5SLmv7DivfNa,179,1cb3656defebf849e58d838a85fee41df840e626a94317c7d86216bf41884171,0,5.46e-06,546,928,76a91462e907b15cbf27d5425399ebf6f0fb50ebb88f1888ac
2026-08-23T00:08:23.057392,1A1zP1eP5QGefi2DMPTfTL5SLmv7DivfNa,180,f7a915fdf0e50ccfed94ad0c5a5334193edfcea50b760dd5c7cd2914e21feb69,0,5.46e-06,546,940,76a91462e907b15cbf27d5425399ebf6f0fb50ebb88f1888ac
2026-08-23T00:08:23.057394,1A1zP1eP5QGefi2DMPTfTL5SLmv7DivfNa,181,c791055637d10f4937c7bea706d74ab952d4c7415906236772998cc5af149b17,0,5.46e-06,546,947,76a91462e907b15cbf27d5425399ebf6f0fb50ebb88f1888ac
2026-08-23T00:08:23.057396,1A1zP1eP5QGefi2DMPTfTL5SLmv7DivfNa,182,f0cba7eb8ae57959667d32f0a9d4e98e814671179cc5eee624802dca842c50e1,0,5.46e-06,546,953,76a91462e907b15cbf27d5425399ebf6f0fb50ebb88f1888ac
2026-08-23T00:08:23.057398,1A1zP1eP5QGefi2DMPTfTL5SLmv7DivfNa,183,da3c8312ecaddf4cb241e451a646d25831fed9825fa07a7ce91927cec5c210e0,0,5.46e-06,546,953,76a91462e907b15cbf27d5425399ebf6f0fb50ebb88f1888ac
2026-08-23T00:08:23.057400,1A1zP1eP5QGefi2DMPTfTL5SLmv7DivfNa,184,98d0554b49fb8c0579b7598e449ba88eb701420b986c456f480d106e91d7e93f,0,5.46e-06,546,958,76a91462e907b15cbf27d5425399ebf6f0fb50ebb88f1888ac
2026-08-23T00:08:23.057401,1A1zP1eP5QGefi2DMPTfTL5SLmv7DivfNa,185,85a321d9688a4cd17941b7917f5c0d3447d34629c64e45796b7c28c10bd0bfa0,0,5.46e-06,546,958,76a91462e907b15cbf27d5425399ebf6f0fb50ebb88f1888ac
2026-08-23T00:08:23.057404,1A1zP1eP5QGefi2DMPTfTL5SLmv7DivfNa,186,0df24f82ac1f84e903c4d8feffb4b80272077f248775bb571c6efda4afc85279,0,5.46e-06,546,958,76a91462e907b15cbf27d5425399ebf6f0fb50ebb88f1888ac
2026-08-23T00:08:23.057405,1A1zP1eP5QGefi2DMPTfTL5SLmv7DivfNa,187,842ce14bf488e8a560a318d7f8af0f6f4d24ce085ab51103ddfc67b4b70a1875,0,5.46e-06,546,958,76a91462e907b15cbf27d5425399ebf6f0fb50ebb88f1888ac
2026-08-23T00:08:23.057408,1A1zP1eP5QGefi2DMPTfTL5SLmv7DivfNa,188,1893abda40aac17954893fa1010138fbf335fd09340305c43d9bab220d1ad741,0,5.46e-06,546,958,76a91462e907b15cbf27d5425399ebf6f0fb50ebb88f1888ac
2026-08-23T00:08:23.057409,1A1zP1eP5QGefi2DMPTfTL5SLmv7DivfNa,189,6925bb60faeb1d64da07c7a382e9855ab44f3c91425a4ade46878221158f2953,0,5.46e-06,546,959,76a91462e907b15cbf27d5425399ebf6f0fb50ebb88f1888ac
2026-08-23T00:08:23.057411,1A1zP1eP5QGefi2DMPTfTL5SLmv7DivfNa,190,83ad5987044d212f01bfe95388ac63bf0d783d57927095cb5292a8b347d84149,0,5.46e-06,546,959,76a91462e907b15cbf27d5425399ebf6f0fb50ebb88f1888ac
2026-08-23T00:08:23.057413,1A1zP1eP5QGefi2DMPTfTL5SLmv7DivfNa,191,1c3b4befba96c850d432f3fb6c6674cf10e555a3fe368314054b08e313979846,0,5.46e-06,546,959,76a91462e907b15cbf27d5425399ebf6f0fb50ebb88f1888ac
2026-08-23T00:08:23.057415,1A1zP1eP5QGefi2DMPTfTL5SLmv7DivfNa,192,82082290cdf5771719b0d887385ba92110a3043b23bb94737985e05b5009871a,0,5.46e-06,546,959,76a91462e907b15cbf27d5425399ebf6f0fb50ebb88f1888ac
2026-08-23T00:08:23.057417,1A1zP1eP5QGefi2DMPTfTL5SLmv7DivfNa,193,cee06f1e20aed1a55ae30b8aa0d27e9d7e06b042a410c06d94ff65011fcaed04,0,5.46e-06,546,959,76a91462e907b15cbf27d5425399ebf6f0fb50ebb88f1888ac
2026-08-23T00:08:23.057419,1A1zP1eP5QGefi2DMPTfTL5SLmv7DivfNa,194,b57ebb3e821b65215e6e6590affaa1ec058b2f48737cfd8260fb1dc0492927c2,0,5.46e-06,546,962,76a91462e907b15cbf27d5425399ebf6f0fb50ebb88f1888ac
2026-08-23T00:08:23.057421,1A1zP1eP5QGefi2DMPTfTL5SLmv7DivfNa,195,dd2c0e4c6c0d667bc178e9b915c2c8ff6bc165e8443b5e26742e12cd9122485d,0,5.46e-06,546,966,76a91462e907b15cbf27d5425399ebf6f0fb50ebb88f1888ac
2026-08-23T00:08:23.057423,1A1zP1eP5QGefi2DMPTfTL5SLmv7DivfNa,196,215c0f3dda6d23461ed994806499c773e865194e252237131291c67f743e230e,0,5.46e-06,546,975,76a91462e907b15cbf27d5425399ebf6f0fb50ebb88f1888ac
2026-08-23T00:08:23.057425,1A1zP1eP5QGefi2DMPTfTL5SLmv7DivfNa,197,4ca22303ecda622be44498c00e67ff2d93027e8dda8b1b7e4d26a9bba9804d8e,0,5.46e-06,546,975,76a91462e907b15cbf27d5425399ebf6f0fb50ebb88f1888ac
2026-08-23T00:08:23.057427,1A1zP1eP5QGefi2DMPTfTL5SLmv7DivfNa,198,645e0818a69c2f4be1cd077e2950483a9e8313fa14a8de75af529f7cf5079e59,0,5.46e-06,546,981,76a91462e907b15cbf27d5425399ebf6f0fb50ebb88f1888ac
2026-08-23T00:08:23.057429,1A1zP1eP5QGefi2DMPTfTL5SLmv7DivfNa,199,83d92f35b0fb49cb26bea58b2cfcb969f3f28a8bfc9c2bd09dcc0db850fc11c9,0,5.46e-06,546,984,76a91462e907b15cbf27d5425399ebf6f0fb50ebb88f1888ac
2026-08-23T00:08:23.057431,1A1zP1eP5QGefi2DMPTfTL5SLmv7DivfNa,200,6c12d3f1b7267feb0e4a17b245f74bd0ced8e098265862ba076f02168a602c57,0,5.46e-06,546,985,76a91462e907b15cbf27d5425399ebf6f0fb50ebb88f1888ac
2026-08-23T00:08:23.057433,1A1zP1eP5QGefi2DMPTfTL5SLmv7DivfNa,201,0953f94c426610257098bbbc14610dc6195310386a3622033189fd4f1976a39a,0,5.46e-06,546,985,76a91462e907b15cbf27d5425399ebf6f0fb50ebb88f1888ac
2026-08-23T00:08:23.057435,1A1zP1eP5QGefi2DMPTfTL5SLmv7DivfNa,202,223e309729edc5861b53d1f2dd591f2860f8f858ccb503c5978dfacc20835d22,0,5.46e-06,546,995,76a91462e907b15cbf27d5425399ebf6f0fb50ebb88f1888ac
2026-08-23T00:08:23.057437,1A1zP1eP5QGefi2DMPTfTL5SLmv7DivfNa,203,56a67709582c76bc007fe2899d23e2dcefbff4e791d85e3648bb08531b59d104,0,5.46e-06,546,1000,76a91462e907b15cbf27d5425399ebf6f0fb50ebb88f1888ac
2026-08-23T00:08:23.057439,1A1zP1eP5QGefi2DMPTfTL5SLmv7DivfNa,204,c889c34c65550cce5da127d417a2ea4dc62e63c7d77a8ef73410cbfaa4f59728,0,5.46e-06,546,1009,76a91462e907b15cbf27d5425399ebf6f0fb50ebb88f1888ac
2026-08-23T00:08:23.057441,1A1zP1eP5QGefi2DMPTfTL5SLmv7DivfNa,205,00f4446580b5bbbfb88bc00cf8044d9b7ef65fabaadff8e4e51188f6e93f9bf1,0,5.46e-06,546,1016,76a91462e907b15cbf27d5425399ebf6f0fb50ebb88f1888ac
2026-08-23T00:08:23.057443,1A1zP1eP5QGefi2DMPTfTL5SLmv7DivfNa,206,02e7feb70eea90f164b7755b2f33e5e573575d6e4571e03402b593ca9db9575c,0,5.46e-06,546,1022,76a91462e907b15cbf27d5425399ebf6f0fb50ebb88f1888ac
2026-08-23T00:08:23.057445,1A1zP1eP5QGefi2DMPTfTL5SLmv7DivfNa,207,31cfbc86b510c03cadc33ff9a9bf6cf4df570d4fa26bdfc7986f5a1e4fb30d14,0,5.46e-06,546,1024,76a91462e907b15cbf27d5425399ebf6f0fb50ebb88f1888ac
2026-08-23T00:08:23.057447,1A1zP1eP5QGefi2DMPTfTL5SLmv7DivfNa,208,a268a91b6ce00bf1b0f70947d854b11f1f44208edc946ca51e8a8dedd3d9f929,0,5.46e-06,546,1030,76a91462e907b15cbf27d5425399ebf6f0fb50ebb88f1888ac
2026-08-23T00:08:23.057449,1A1zP1eP5QGefi2DMPTfTL5SLmv7DivfNa,209,d0c726431e6fde3fe1fc3f6538eda66564c154f412235ceff3d524400b6b3000,2,5.46e-06,546,1039,76a91462e907b15cbf27d5425399ebf6f0fb50ebb88f1888ac
2026-08-23T00:08:23.057451,1A1zP1eP5QGefi2DMPTfTL5SLmv7DivfNa,210,8e4a3a256ddc7cfda03466153ecae2d3445f2f28217e3d0835931e1b523ec5a7,0,5.46e-06,546,1039,76a91462e907b15cbf27d5425399ebf6f0fb50ebb88f1888ac
2026-08-23T00:08:23.057453,1A1zP1eP5QGefi2DMPTfTL5SLmv7DivfNa,211,60aba72e352098eb62ca741cde33423b69c851050627893b3c99285520cc6b01,0,5.46e-06,546,1043,76a91462e907b15cbf27d5425399ebf6f0fb50ebb88f1888ac
2026-08-23T00:08:23.057455,1A1zP1eP5QGefi2DMPTfTL5SLmv7DivfNa,212,546a94d9e7f53227ab2f467401e9e1aede0bf08403a290863cf7d6d224fa6126,0,5.46e-06,546,1052,76a91462e907b15cbf27d5425399ebf6f0fb50ebb88f1888ac
2026-08-23T00:08:23.057456,1A1zP1eP5QGefi2DMPTfTL5SLmv7DivfNa,213,0a25ec044ea76e1bce56878a677260f5974739d72b7a1973cf9f18d8a0d62c00,0,5.46e-06,546,1062,76a91462e907b15cbf27d5425399ebf6f0fb50ebb88f1888ac
2026-08-23T00:08:23.057458,1A1zP1eP5QGefi2DMPTfTL5SLmv7DivfNa,214,c99d76c20f7a407e823628ff7584fee845388112f9fa672fab15f6b36000e53b,0,5.46e-06,546,1067,76a91462e907b15cbf27d5425399ebf6f0fb50ebb88f1888ac
2026-08-23T00:08:23.057460,1A1zP1eP5QGefi2DMPTfTL5SLmv7DivfNa,215,b514b76fb3cdeb912ccf0ff548ef0f387bb9e0e83adaaeadf172405b1af7fe9a,0,5.46e-06,546,1070,76a91462e907b15cbf27d5425399ebf6f0fb50ebb88f1888ac
2026-08-23T00:08:23.057462,1A1zP1eP5QGefi2DMPTfTL5SLmv7DivfNa,216,e50cf1b6c8ad3292f15f272dca785fb3fcdadd0cb749233c60d5baa2337e8d76,0,5.46e-06,546,1073,76a91462e907b15cbf27d5425399ebf6f0fb50ebb88f1888ac
2026-08-23T00:08:23.057465,1A1zP1eP5QGefi2DMPTfTL5SLmv7DivfNa,217,e50cf1b6c8ad3292f15f272dca785fb3fcdadd0cb749233c60d5baa2337e8d76,1,5.46e-06,546,1073,76a91462e907b15cbf27d5425399ebf6f0fb50ebb88f1888ac
2026-08-23T00:08:23.057467,1A1zP1eP5QGefi2DMPTfTL5SLmv7DivfNa,218,2bac7f531148a7a718221f1b84935c4ac804733aecaac2f9726f99cad7d881a0,0,5.46e-06,546,1077,76a91462e907b15cbf27d5425399ebf6f0fb50ebb88f1888ac
2026-08-23T00:08:23.057469,1A1zP1eP5QGefi2DMPTfTL5SLmv7DivfNa,219,dfffc72e937b10b465ac6c7456d88729f15a71c64c10720d73f84d5e0b90ac52,0,5.46e-06,546,1085,76a91462e907b15cbf27d5425399ebf6f0fb50ebb88f1888ac
2026-08-23T00:08:23.057471,1A1zP1eP5QGefi2DMPTfTL5SLmv7DivfNa,220,c23595c2a83938adf24b855a7f99ded3146abb049358529546b236e2b1b9d5c4,0,0.01048815,1048815,1090,76a91462e907b15cbf27d5425399ebf6f0fb50ebb88f1888ac
2026-08-23T00:08:23.057473,1A1zP1eP5QGefi2DMPTfTL5SLmv7DivfNa,221,b97d388e3b61e19309536e0a8e980e818b9c425feb9fec73d89060a1499e6150,0,5.46e-06,546,1092,76a91462e907b15cbf27d5425399ebf6f0fb50ebb88f1888ac
2026-08-23T00:08:23.057475,1A1zP1eP5QGefi2DMPTfTL5SLmv7DivfNa,222,8e336e93bd0410d8fd611ccb12e5f7331c7b9fcf5c44614b79cd4a52151f45cd,0,5.46e-06,546,1099,76a91462e907b15cbf27d5425399ebf6f0fb50ebb88f1888ac
2026-08-23T00:08:23.057477,1A1zP1eP5QGefi2DMPTfTL5SLmv7DivfNa,223,327f1108c41dcdfa0e4f991e091ae213e5f2c220572ddad897b91cd4c73f6238,0,5.46e-06,546,1104,76a91462e907b15cbf27d5425399ebf6f0fb50ebb88f1888ac
2026-08-23T00:08:23.057479,1A1zP1eP5QGefi2DMPTfTL5SLmv7DivfNa,224,928645cffa6c44c948d5dfde1a925372f1fb91835338d32473342a28577fa30b,0,5.46e-06,546,1113,76a91462e907b15cbf27d5425399ebf6f0fb50ebb88f1888ac
2026-08-23T00:08:23.057481,1A1zP1eP5QGefi2DMPTfTL5SLmv7DivfNa,225,cd1e3e2346af55a06b22eb6d07c5f704146a0248ae75e4aee06af851c8960ebc,0,5.46e-06,546,1116,76a91462e907b15cbf27d5425399ebf6f0fb50ebb88f1888ac
2026-08-23T00:08:23.057483,1A1zP1eP5QGefi2DMPTfTL5SLmv7DivfNa,226,1d3c9945994ddb0a3a9ed6198cb2bbc3e5d038c3e31e4c34cce1290a9fcc516b,0,5.46e-06,546,1122,76a91462e907b15cbf27d5425399ebf6f0fb50ebb88f1888ac
2026-08-23T00:08:23.057485,1A1zP1eP5QGefi2DMPTfTL5SLmv7DivfNa,227,b191af58a9471731f5511451b38c8621e760f42a770b57f21604296f13dfc654,0,5.46e-06,546,1128,76a91462e907b15cbf27d5425399ebf6f0fb50ebb88f1888ac
2026-08-23T00:08:23.057487,1A1zP1eP5QGefi2DMPTfTL5SLmv7DivfNa,228,997f1f874d6838f58d05864970bd20b0403af7fc53c4121ae36c2c7bbb346fff,0,5.46e-06,546,1135,76a91462e907b15cbf27d5425399ebf6f0fb50ebb88f1888ac
2026-08-23T00:08:23.057489,1A1zP1eP5QGefi2DMPTfTL5SLmv7DivfNa,229,334c532d2d8c25ae1458788f8ecb1fd97b58faf60a9f654c4e761e3ff86a4f03,0,5.46e-06,546,1140,76a91462e907b15cbf27d5425399ebf6f0fb50ebb88f1888ac
2026-08-23T00:08:23.057491,1A1zP1eP5QGefi2DMPTfTL5SLmv7DivfNa,230,dc793497ad59ad80acab368ab230dbcfb19743eb71b9c8cafa33ff3280128a5b,0,5.46e-06,546,1145,76a91462e907b15cbf27d5425399ebf6f0fb50ebb88f1888ac
2026-08-23T00:08:23.057493,1A1zP1eP5QGefi2DMPTfTL5SLmv7DivfNa,231,b05ac3a7f0f149c072ce574c65da600b97a417c8d6acd7f04ce41f8612325330,0,1e-05,1000,1147,76a91462e907b15cbf27d5425399ebf6f0fb50ebb88f1888ac
2026-08-23T00:08:23.057495,1A1zP1eP5QGefi2DMPTfTL5SLmv7DivfNa,232,6c4a84f4db997e84e14701d9c9e2e2511a8e6780acd7f3657c2e8313b5bf9d70,64,0.00010554,10554,1149,76a91462e907b15cbf27d5425399ebf6f0fb50ebb88f1888ac
2026-08-23T00:08:23.057497,1A1zP1eP5QGefi2DMPTfTL5SLmv7DivfNa,233,303ac024d03dbe4b014a1848d0b3fd11bb64a6075b7e73195f1e6224a02a7ea8,0,5.46e-06,546,1149,76a91462e907b15cbf27d5425399ebf6f0fb50ebb88f1888ac
2026-08-23T00:08:23.057499,1A1zP1eP5QGefi2DMPTfTL5SLmv7DivfNa,234,fe95f13a68560e8befa8a30f2fc7631bf9640dbe57c6f67944b39cc0b67b4ae9,0,5.46e-06,546,1156,76a91462e907b15cbf27d5425399ebf6f0fb50ebb88f1888ac
2026-08-23T00:08:23.057501,1A1zP1eP5QGefi2DMPTfTL5SLmv7DivfNa,235,5680c0f4fcd0d562d34133e6ceac29274a7e251e3c7969d653ad36d6dda56ad2,0,5.46e-06,546,1156,76a91462e907b15cbf27d5425399ebf6f0fb50ebb88f1888ac
2026-08-23T00:08:23.057503,1A1zP1eP5QGefi2DMPTfTL5SLmv7DivfNa,236,bea4de20a586084c8eb003bd7c0567579c7d62bad515ab2d0eb26abd78975996,0,0.00019732,19732,1157,76a91462e907b15cbf27d5425399ebf6f0fb50ebb88f1888ac
2026-08-23T00:08:23.057505,1A1zP1eP5QGefi2DMPTfTL5SLmv7DivfNa,237,44fdaf55e664f0bf5b4e91811d909fd6ded6e7211a7d3593fcb097cd35fbbe39,0,5.46e-06,546,1167,76a91462e907b15cbf27d5425399ebf6f0fb50ebb88f1888ac
2026-08-23T00:08:23.057507,1A1zP1eP5QGefi2DMPTfTL5SLmv7DivfNa,238,0e2cc7316c5e4578abc122680fa34a79edcf145d10382efc4cf17ef5cd1ee49c,0,5.46e-06,546,1173,76a91462e907b15cbf27d5425399ebf6f0fb50ebb88f1888ac
2026-08-23T00:08:23.057509,1A1zP1eP5QGefi2DMPTfTL5SLmv7DivfNa,239,e4fcc6e3d39afab098ed6bcabeacc275b4ac6f873f1cce6d2c8f985c1ade29ba,0,5.46e-06,546,1178,76a91462e907b15cbf27d5425399ebf6f0fb50ebb88f1888ac
2026-08-23T00:08:23.057511,1A1zP1eP5QGefi2DMPTfTL5SLmv7DivfNa,240,fe2a3a5f2edcb55a903555b357395140e49c6a9bdadaf184fdf49560ae898182,0,5.46e-06,546,1180,76a91462e907b15cbf27d5425399ebf6f0fb50ebb88f1888ac
2026-08-23T00:08:23.057513,1A1zP1eP5QGefi2DMPTfTL5SLmv7DivfNa,241,da3be137fe93f3a8f39437820a039ebb7d119048eae0677efd76d08de041784a,0,1.842e-05,1842,1181,76a91462e907b15cbf27d5425399ebf6f0fb50ebb88f1888ac
2026-08-23T00:08:23.057515,1A1zP1eP5QGefi2DMPTfTL5SLmv7DivfNa,242,924d4dbbdc37963c081b55abd837de696bb90e1dd26736eb67ec53d7817f06cd,0,5.46e-06,546,1184,76a91462e907b15cbf27d5425399ebf6f0fb50ebb88f1888ac
2026-08-23T00:08:23.057516,1A1zP1eP5QGefi2DMPTfTL5SLmv7DivfNa,243,d1bdac9d90bc410822e027d6099e08419a1d74ee26a9b037263ff48bf1858403,0,5.46e-06,546,1189,76a91462e907b15cbf27d5425399ebf6f0fb50ebb88f1888ac
2026-08-23T00:08:23.057518,1A1zP1eP5QGefi2DMPTfTL5SLmv7DivfNa,244,530b4cc24ae07f60a07560ebe7bb31b4633af0bda48d09b4815a971315ae3de2,0,5.46e-06,546,1190,76a91462e907b15cbf27d5425399ebf6f0fb50ebb88f1888ac
2026-08-23T00:08:23.057520,1A1zP1eP5QGefi2DMPTfTL5SLmv7DivfNa,245,530b4cc24ae07f60a07560ebe7bb31b4633af0bda48d09b4815a971315ae3de2,1,5.46e-06,546,1190,76a91462e907b15cbf27d5425399ebf6f0fb50ebb88f1888ac
2026-08-23T00:08:23.057522,1A1zP1eP5QGefi2DMPTfTL5SLmv7DivfNa,246,355191ed80a4e99ef3981a9962853a50fb61a53b1d993976093fcba5e0ec80f3,1,0.00051789,51789,1191,76a91462e907b15cbf27d5425399ebf6f0fb50ebb88f1888ac
2026-08-23T00:08:23.057524,1A1zP1eP5QGefi2DMPTfTL5SLmv7DivfNa,247,b89c1df417b8dabe0d600784ce55f1d3b546de9e634a263ec7ea0b0e707cab57,0,5.46e-06,546,1196,76a91462e907b15cbf27d5425399ebf6f0fb50ebb88f1888ac
2026-08-23T00:08:23.057526,1A1zP1eP5QGefi2DMPTfTL5SLmv7DivfNa,248,4acbad7b7b9f347ec2de2dd1f8720b3f254a85ebfee32b5b18073e56f46b7730,0,5.46e-06,546,1199,76a91462e907b15cbf27d5425399ebf6f0fb50ebb88f1888ac
2026-08-23T00:08:23.057528,1A1zP1eP5QGefi2DMPTfTL5SLmv7DivfNa,249,b25227cd1ec74cf45e610e5b14d26908676d0d6f9e514eee8f50fe16decc05b0,0,5.46e-06,546,1209,76a91462e907b15cbf27d5425399ebf6f0fb50ebb88f1888ac
